"","Year","Month","Hurricane Count","time_series1.enso.ts.1mn","time_series1.tni.had","time_series1.nina1","time_series1.nina3.anom","time_series1.pna","time_series1.soi","time_series2.z500_avg","time_series2.z500_std","time_series2.zzwnd200_ori","time_series2.zwdn_200_an","time_series2.zwdn_500_an","time_series2.zwnd200_st","time_series2.OLR","time_series2.Oni","MM","ESPI","EI","LI","MON","X130E.80W","X160E.80W","X180W.100W"
"1",1979,1,0,0.26,-0.343,24.32,24.32,-99.9,0.09,267.29,-0.65,15.5,0.9,-0.22,0.2,23.4,-1.5,1,1.01533,0.70899,-1.35373,1,0.56,0.49,0.39
"2",1979,2,0,-0.25,-0.309,25.68,25.68,-99.9,-0.01,267.41,-0.33,14.9,0.8,-0.11,0.2,25.4,-1.3,2,0.70502,0.57587,-0.80529,2,0.83,0.85,0.97
"3",1979,3,0,0.31,-0.347,26.48,26.48,-99.9,-0.09,267.5,-0.45,14,3.9,-0.15,0.8,32.7,-1.2,3,0.17286,0.14736,-0.17722,3,0.38,0.36,0.31
"4",1979,4,0,0.47,-0.187,25.54,25.54,-99.9,0.83,267.91,0.1,7.5,-0.5,0.03,-0.1,42.5,-1.2,4,-0.15151,-0.44814,-0.35412,4,0.01,-0.09,-0.21
"5",1979,5,0,-0.18,0.067,23.98,23.98,-99.9,0.5,267.83,-0.27,7.4,2.5,-0.09,0.5,43.3,-1.1,5,-0.09556,-0.41571,-0.37703,5,0.17,0.12,0.06
"6",1979,6,0,-0.08,0.333,22.76,22.76,-99.9,-0.48,267.73,0.25,3.8,2,0.09,0.4,48.9,-0.9,6,-1.1273,-1.47575,0.5859,6,0.24,0.25,0.35
"7",1979,7,1,-0.66,0.44,21.12,21.12,-99.9,0.44,267.25,-0.25,-3.8,-3.5,-0.08,-0.7,54,-0.5,7,-0.87678,-0.73523,0.87538,7,0.14,0.09,0.19
"8",1979,8,1,0.48,0.462,20.52,20.52,-99.9,0.34,267.37,-0.07,-7,-4.4,-0.02,-0.9,54.1,-0.4,8,0.6585,0.24249,-1.03224,8,0.34,0.34,0.49
"9",1979,9,3,0.37,0.302,20.43,20.43,-99.9,0.12,267.37,-0.08,-2.6,0.7,-0.03,0.2,52.5,-0.4,9,-0.36576,-0.26648,0.44371,9,0.71,0.79,0.91
"10",1979,10,0,0.37,0.007,20.52,20.52,-99.9,-0.56,267.63,0.47,5.9,4.2,0.16,0.9,40.8,-0.4,10,-0.02439,0.32829,0.4226,10,0.63,0.65,0.63
"11",1979,11,0,0.5,-0.285,21.24,21.24,-99.9,-0.65,267.71,0.57,4.9,-3.6,0.19,-0.7,40.4,-0.6,11,-0.21269,-0.29023,0.08029,11,0.66,0.81,1.06
"12",1979,12,0,0.81,-0.758,22.41,22.41,-99.9,-0.89,267.59,0.11,10.5,-2.8,0.04,-0.6,29,-0.8,12,0.34097,0.15725,-0.5978,12,0.77,0.9,0.92
"13",1980,1,0,0.2,-1.073,23.06,23.06,-3.65,-0.16,267.72,0.62,13.6,-1,0.21,-0.2,43.8,-0.8,1,-0.73733,-0.90042,0.38642,1,0.58,0.8,0.83
"14",1980,2,0,0.21,-1.201,24.93,24.93,-1.69,-0.34,267.81,0.86,7.9,-6.2,0.29,-1.3,41.8,-0.5,2,-0.46183,-0.8325,-0.1858,2,0.48,0.56,0.62
"15",1980,3,0,0.52,-1.039,25.94,25.94,-0.06,-1.56,267.85,0.58,12.9,2.8,0.2,0.6,20,-0.2,3,0.41208,0.26565,-0.5395,3,0.46,0.5,0.5
"16",1980,4,0,0.86,-0.996,24.81,24.81,-0.23,0.3,267.96,0.24,7.4,-0.6,0.08,-0.1,37.6,0.2,4,-0.33693,-0.54297,-0.0992,4,0.51,0.64,0.82
"17",1980,5,0,0.43,-1.039,23.65,23.65,-0.4,-1.34,268.18,0.77,3.7,-1.2,0.26,-0.3,40.1,0.4,5,0.75912,0.03363,-1.51276,5,0.63,0.8,1.14
"18",1980,6,0,0.64,-1.038,22.49,22.49,-1.99,-2.2,268.05,1.2,-0.4,-2.2,0.41,-0.5,33.2,0.6,6,-0.13139,-0.22713,0.00412,6,0.75,0.95,1.17
"19",1980,7,0,0.26,-1.018,21.07,21.07,-0.82,-0.4,267.6,0.79,0.2,0.5,0.27,0.1,41.5,0.7,7,0.5663,-0.08166,-1.21206,7,0.21,0.22,0.27
"20",1980,8,3,-0.12,-1.135,19.88,19.88,0.79,-1.41,267.43,0.1,-2.2,0.4,0.04,0.1,36.9,0.9,8,-0.97505,-0.72457,1.12463,8,0.14,0.07,0.04
"21",1980,9,3,0.26,-1.284,19.93,19.93,-1,-1.23,267.66,0.78,-2.4,0.9,0.26,0.2,54.5,1,9,0.10593,-0.27662,-0.53304,9,0.05,-0.11,-0.26
"22",1980,10,1,0.11,-1.29,20.44,20.44,0.7,-1.24,267.52,0.15,4.4,2.7,0.05,0.5,47.2,1.2,10,-0.0855,-0.41338,-0.2916,10,0.18,0.05,0.02
"23",1980,11,2,0.31,-1.393,21.19,21.19,-1.74,-1.49,267.48,-0.12,8.8,0.3,-0.04,0.1,42.1,1,11,0.35061,0.16501,-0.58276,11,0.41,0.37,0.35
"24",1980,12,0,0.33,-1.425,22.63,22.63,-0.28,0.52,267.43,-0.36,12.2,-1.1,-0.12,-0.2,42.2,0.8,12,-0.83272,-0.94767,0.61645,12,0.46,0.46,0.61
"25",1981,1,0,-0.31,-1.35,24.3,24.3,-1.18,-1.9,267.35,-0.47,12,-2.6,-0.16,-0.5,40.8,0.5,1,-0.59035,-0.67229,0.38465,1,0.33,0.26,0.36
"26",1981,2,0,-0.03,-1.094,25.31,25.31,-2.11,-0.26,267.38,-0.42,17,2.9,-0.14,0.6,24.1,0.4,2,0.38788,0.21179,-0.60761,2,0.26,0.21,0.3
"27",1981,3,0,0.82,-0.835,25.2,25.2,-1.09,-0.59,267.66,0.02,8.2,-1.9,0.01,-0.4,22.2,0.3,3,0.81679,0.54269,-1.04729,3,0.64,0.73,1.02
"28",1981,4,0,0.18,-0.558,24.73,24.73,0.47,2.12,267.86,-0.05,13.6,5.6,-0.02,1.2,23.3,0.3,4,0.71754,0.56911,-0.67973,4,0.53,0.63,0.77
"29",1981,5,0,-0.35,-0.496,24.11,24.11,1.19,1.4,267.98,0.18,8.4,3.5,0.06,0.7,50.9,0.2,5,-0.68481,-0.69716,0.44508,5,0.23,0.26,0.24
"30",1981,6,0,-0.47,-0.464,23.25,23.25,-0.54,1.53,267.55,-0.28,7.8,6,-0.09,1.2,49.4,0,6,-0.49371,-0.59111,0.32086,6,-0.11,-0.19,-0.22
"31",1981,7,0,-0.58,-0.533,22.43,22.43,-0.44,1.42,267.36,0.08,2.8,3.1,0.03,0.6,47.8,-0.1,7,-0.42197,-0.36573,0.40749,7,-0.38,-0.51,-0.66
"32",1981,8,1,-0.29,-0.605,21.81,21.81,0.02,0.94,267.23,-0.49,-6.1,-3.5,-0.16,-0.7,64.8,0,8,0.31676,0.25877,-0.33953,8,-0.29,-0.5,-0.59
"33",1981,9,5,-0.2,-0.708,22.03,22.03,-0.08,0.12,267.38,-0.05,0.4,3.7,-0.02,0.8,53.6,0.2,9,-0.9103,-1.10791,0.59582,9,0.18,0.05,0.14
"34",1981,10,0,0.32,-0.668,22.83,22.83,0.43,0.85,267.5,0.09,1.7,0,0.03,0,54.8,0.1,10,-0.57056,-0.82221,0.24894,10,0.26,0.2,0.25
"35",1981,11,1,-0.16,-0.52,24.68,24.68,0.21,0.56,267.54,0.06,9.6,1.1,0.02,0.2,51.9,0,11,-0.84225,-0.83892,0.76398,11,0.09,-0.02,0.02
"36",1981,12,0,-0.11,-0.403,25.97,25.97,-1.59,0.42,267.52,-0.1,21.2,7.9,-0.03,1.6,34.7,0.1,12,-0.21343,-0.31682,0.04734,12,0.1,-0.1,-0.22
"37",1982,1,0,-0.36,-0.565,27.21,27.21,-3.19,1.06,267.39,-0.36,18.6,4,-0.12,0.8,49.5,0.4,1,-0.66956,-0.56525,0.74153,1,0.33,0.22,0.21
"38",1982,2,0,-0.06,-0.753,28.13,28.13,0.08,0.18,267.4,-0.36,14.5,0.4,-0.12,0.1,36.9,0.6,2,-0.31302,-0.6484,-0.25777,2,0.59,0.53,0.56
"39",1982,3,0,0,-0.931,28.72,28.72,-0.69,-0.75,267.56,-0.27,12.2,2.1,-0.09,0.4,28.4,0.6,3,-0.17107,-0.28539,-0.01527,3,0.74,0.78,0.92
"40",1982,4,0,0.47,-1.271,28.86,28.86,0.89,0.47,267.68,-0.58,7.3,-0.7,-0.2,-0.1,37.1,0.7,4,-0.16953,-0.45748,-0.32952,4,0.69,0.79,0.93
"41",1982,5,0,1.05,-1.319,28.26,28.26,-0.79,-0.11,267.96,0.12,1,-3.9,0.04,-0.8,49.7,0.8,5,-0.04837,-0.41739,-0.47627,5,0.72,0.9,0.96
"42",1982,6,1,1.74,-0.955,27.36,27.36,0.53,-1.1,267.82,0.52,0.5,-1.3,0.18,-0.3,40.1,0.8,6,0.43734,0.34403,-0.49324,6,0.76,0.89,1.01
"43",1982,7,0,1.56,-0.407,25.76,25.76,-1.57,0.17,267.31,-0.07,-3.5,-3.2,-0.02,-0.7,27.2,0.7,7,2.21935,1.74572,-2.34978,7,0.79,0.95,1.11
"44",1982,8,0,1.9,0.02,23.93,23.93,0.77,0.98,267.34,-0.16,-4.5,-1.9,-0.05,-0.4,24.9,0.7,8,1.64897,1.47486,-1.62633,8,1.04,1.28,1.61
"45",1982,9,1,2.04,0.87,22.1,22.1,0.4,0,267.34,-0.17,-7.1,-3.8,-0.06,-0.8,32.6,0.8,9,1.88772,1.53366,-2.10897,9,1.15,1.53,1.86
"46",1982,10,0,2.22,1.535,22,22,1.05,-0.58,267.15,-0.95,-3.1,-4.8,-0.32,-1,24,0.8,10,1.94788,1.93977,-1.8329,10,1.33,1.83,2.07
"47",1982,11,0,2.69,1.87,22.05,22.05,0.77,-0.86,267.53,0.03,1.7,-6.8,0.01,-1.4,16.2,0.8,11,2.95648,3.00979,-2.58836,11,1.2,1.74,1.92
"48",1982,12,0,2.38,1.913,23.03,23.03,0.63,-1.29,267.71,0.46,-0.2,-13.5,0.16,-2.8,22.9,0.8,12,1.96181,2.3242,-1.31522,12,0.8,1.26,1.45
"49",1983,1,0,2.76,2.096,24.18,24.18,0.18,-1.13,268.2,2.04,0.8,-13.8,0.69,-2.8,11.3,0.8,1,2.46852,2.67142,-1.82467,1,-0.1,0.15,0.05
"50",1983,2,0,3.08,2.332,25.22,25.22,1.04,-0.13,268.06,1.6,0.3,-13.8,0.54,-2.8,24.7,0.5,2,2.05954,2.29874,-1.38659,2,-0.66,-0.56,-0.81
"51",1983,3,0,2.5,2.672,25.62,25.62,-0.44,-2,268.38,2.15,-6.1,-16.2,0.73,-3.3,38,0,3,1.54509,2.17973,-0.40574,3,-0.94,-0.83,-0.95
"52",1983,4,0,1.56,3.351,25.3,25.3,0.78,-0.46,268.51,1.87,-6.8,-14.8,0.63,-3,42.7,-0.4,4,1.43562,2.33298,0.45226,4,-0.12,0.15,0.23
"53",1983,5,0,0.67,4.14,23.3,23.3,1.14,-0.47,268.44,1.54,-1.5,-6.4,0.52,-1.3,29.7,-0.5,5,1.53672,3.02782,1.01929,5,-0.36,-0.12,-0.32
"54",1983,6,0,0.82,4.638,22.18,22.18,-1.6,0.24,267.93,0.85,0.2,-1.6,0.29,-0.3,28.9,-0.5,6,1.42148,2.08197,-0.48145,6,-0.79,-0.69,-1.12
"55",1983,7,0,0.39,4.557,21.33,21.33,0.27,0.31,267.78,1.32,-2.4,-2.1,0.45,-0.4,29.9,-0.6,7,-1.06271,-0.82403,1.13899,7,-1.07,-1.06,-1.51
"56",1983,8,2,0.09,4.21,20.45,20.45,-1.15,0.38,267.63,0.7,0.2,2.8,0.24,0.6,49,-0.8,8,-0.05397,-0.40715,-0.34326,8,-1.23,-1.29,-1.66
"57",1983,9,1,-0.67,3.64,20.66,20.66,-0.14,0.58,267.52,0.36,-0.9,2.4,0.12,0.5,52.1,-0.9,9,-0.52924,-0.67615,0.30979,9,-1.54,-1.73,-2.15
"58",1983,10,0,-0.77,2.955,20.51,20.51,2.27,-0.14,267.55,0.24,5.8,4.1,0.08,0.8,57.3,-0.8,10,-0.72171,-0.87883,0.49759,10,-1.63,-1.83,-2.25
"59",1983,11,0,-0.53,2.301,21.52,21.52,1.57,-0.02,267.44,-0.23,12,3.5,-0.08,0.7,51,-0.7,11,-0.56305,-0.63549,0.40344,11,-1.36,-1.54,-1.81
"60",1983,12,0,-0.37,1.739,22.41,22.41,0.96,0.97,267.27,-0.84,13.6,0.3,-0.28,0.1,53.9,-0.7,12,-0.85765,-0.71012,1.03288,12,-0.96,-1.13,-1.36
"61",1984,1,0,-0.37,1.335,23.79,23.79,-2.11,2.69,267.09,-1.24,9.8,-4.8,-0.42,-1,61.9,-0.7,1,-1.25177,-0.85952,1.69154,1,-0.7,-0.86,-0.87
"62",1984,2,0,-0.54,1.111,24.72,24.72,-0.48,1.12,267.36,-0.47,13.8,-0.3,-0.16,-0.1,64.8,-0.6,2,-1.33421,-0.88428,1.84597,2,-0.61,-0.82,-0.9
"63",1984,3,0,0.02,0.766,25.6,25.6,-1.44,1.69,267.62,-0.1,5.5,-4.6,-0.03,-0.9,55.7,-0.7,3,-0.85274,-0.50223,1.18128,3,-0.48,-0.71,-0.92
"64",1984,4,0,-0.56,0.514,24.16,24.16,-2.86,-0.54,267.62,-0.76,6.2,-1.8,-0.26,-0.4,54.6,-0.8,4,-1.43883,-0.56425,2.23839,4,-0.42,-0.63,-0.77
"65",1984,5,0,-0.38,0.336,22.53,22.53,0.65,1.35,267.59,-0.98,9.4,4.5,-0.33,0.9,53.4,-0.8,5,-1.61688,-0.59919,2.49454,5,-0.63,-0.9,-1.11
"66",1984,6,0,-0.28,0.139,21.85,21.85,0.09,2.45,267.41,-0.69,4.3,2.5,-0.23,0.5,50.7,-0.7,6,-1.12579,-0.81584,1.35085,6,-0.63,-0.9,-1.15
"67",1984,7,0,-0.2,-0.236,20.56,20.56,-0.14,2.3,266.89,-1.31,4.5,4.8,-0.44,1,47,-0.7,7,-0.99987,0.03751,2.0161,7,-0.16,-0.24,-0.25
"68",1984,8,0,-0.31,-0.186,19.78,19.78,-0.11,0.99,267.04,-1.05,2.7,5.3,-0.35,1.1,53.7,-0.7,8,-1.28313,-1.22909,1.17552,8,-0.12,-0.21,-0.22
"69",1984,9,2,-0.21,0.165,19.74,19.74,-0.04,3.14,266.77,-1.86,-1.8,1.5,-0.63,0.3,57.8,-1.1,9,-1.36597,-1.01351,1.63614,9,-0.19,-0.29,-0.37
"70",1984,10,1,-0.2,0.594,20.1,20.1,0.99,1.9,267.24,-0.68,8.3,6.6,-0.23,1.3,54.9,-1.4,10,-0.66674,-0.57713,0.72581,10,-0.56,-0.75,-0.93
"71",1984,11,1,-0.66,0.62,20.86,20.86,1.38,3.09,267.13,-1.15,11.6,3.1,-0.39,0.6,44.6,-1.7,11,0.1103,-0.13686,-0.4546,11,-0.37,-0.5,-0.63
"72",1984,12,1,-0.62,0.72,22.43,22.43,-0.82,2.8,267.3,-0.75,16.6,3.3,-0.25,0.7,39.1,-1.5,12,-0.6078,-0.79024,0.30246,12,-0.21,-0.31,-0.35
"73",1985,1,0,-0.19,0.783,24.56,24.56,-0.14,2.47,267.09,-1.24,14.4,-0.2,-0.42,-0.1,37.3,-1.1,1,-0.06814,-0.18338,-0.11931,1,0.02,-0.09,-0.16
"74",1985,2,0,-0.95,0.443,26,26,-2.62,1.12,267.27,-0.74,19.9,5.8,-0.25,1.2,54.3,-0.8,2,-0.86248,-0.7865,0.85666,2,-0.23,-0.31,-0.34
"75",1985,3,0,-0.72,-0.016,25.76,25.76,-2.47,1.63,267.45,-0.6,19.2,9.1,-0.2,1.9,26,-0.6,3,0.13296,0.12648,-0.11837,3,-0.34,-0.5,-0.65
"76",1985,4,0,-1.06,-0.175,24.68,24.68,-0.24,2.29,267.58,-0.88,11.3,3.3,-0.3,0.7,49.8,-0.5,4,-0.87846,-0.8107,0.65923,4,-0.06,-0.19,-0.24
"77",1985,5,0,-0.49,-0.404,23.23,23.23,-0.42,1.19,267.81,-0.33,7.6,2.7,-0.11,0.5,60.3,-0.5,5,-1.27089,-1.07478,1.12807,5,0.19,0.07,0.09
"78",1985,6,0,-0.11,-0.81,22.05,22.05,0.11,-3.09,267.32,-0.96,4.6,2.8,-0.32,0.6,51.4,-0.5,6,-0.6511,-0.92868,0.24956,6,0.15,0.03,-0.02
"79",1985,7,1,-0.22,-1.019,21.47,21.47,-1.32,-1.14,266.75,-1.73,-2.7,-2.4,-0.58,-0.5,51.4,-0.6,7,-0.50059,-0.51025,0.39467,7,0.06,-0.03,-0.08
"80",1985,8,3,-0.64,-1.082,20.91,20.91,-0.55,-0.59,267.05,-1.02,-3.2,-0.6,-0.35,-0.1,57.4,-0.6,8,-0.52678,-0.7428,0.21944,8,0.18,0.12,0.24
"81",1985,9,1,-0.29,-1.14,20.91,20.91,-0.22,-2.13,267.08,-0.94,-2.3,1,-0.32,0.2,53.6,-0.5,9,-0.86167,-0.97789,0.64498,9,0.07,-0.07,-0.2
"82",1985,10,1,-0.01,-1.054,21.27,21.27,0.51,-1.78,267.2,-0.8,-2,-3.7,-0.27,-0.8,55,-0.4,10,-0.51608,-0.70765,0.26603,10,-0.05,-0.16,-0.26
"83",1985,11,1,-0.02,-0.798,22.01,22.01,-0.93,-0.36,267.27,-0.74,9.8,1.3,-0.25,0.3,45.6,-0.4,11,-0.69526,-0.66315,0.67285,11,0.11,0.05,0.11
"84",1985,12,0,-0.21,-0.514,23.41,23.41,-2.37,1.33,267.3,-0.75,13,-0.3,-0.25,-0.1,37.9,-0.4,12,-0.29472,-0.54437,-0.09456,12,0.24,0.16,0.27
"85",1986,1,0,-0.73,-0.477,25.56,25.56,-2.34,0.9,267.52,0.03,15.1,0.5,0.01,0.1,37.7,-0.2,1,-1.19314,-1.36892,0.76167,1,0.25,0.19,0.21
"86",1986,2,0,0.26,-0.409,27.07,27.07,-1.69,-0.28,267.05,-1.39,8,-6.1,-0.47,-1.2,49.7,0.1,2,-0.54349,-0.77913,0.0956,2,0.45,0.42,0.41
"87",1986,3,0,-0.29,-0.43,27.93,27.93,-0.97,-0.52,267.4,-0.75,8.8,-1.3,-0.25,-0.3,54.8,0.4,3,-1.61581,-1.41668,1.60305,3,0.37,0.34,0.46
"88",1986,4,0,-0.29,-0.816,27.1,27.1,-0.17,0.98,267.79,-0.26,18.6,10.6,-0.09,2.2,43.9,0.7,4,-1.0811,-0.78462,1.13464,4,0.14,0.01,-0.02
"89",1986,5,0,0.06,-1.099,25.93,25.93,-0.17,1.29,267.84,-0.24,6.7,1.8,-0.08,0.4,48.3,0.9,5,0.21204,-0.25478,-0.78687,5,0.42,0.35,0.31
"90",1986,6,1,-0.31,-1.198,24.1,24.1,-0.08,-1.92,267.6,-0.13,1,-0.8,-0.04,-0.2,40.3,1.1,6,-0.20274,-0.23335,0.14267,6,0.53,0.61,0.8
"91",1986,7,0,0.2,-1.454,22.98,22.98,-1.28,-0.14,266.98,-1.05,-0.2,0.1,-0.35,0,43,1.3,7,-0.03018,-0.38221,-0.38456,7,0.44,0.49,0.45
"92",1986,8,1,0.59,-1.556,21.82,21.82,-0.23,0.75,267.15,-0.72,-0.3,2.3,-0.24,0.5,53.5,1.3,8,0.07082,-0.3949,-0.5761,8,0.3,0.38,0.5
"93",1986,9,1,0.76,-1.402,21.83,21.83,0.42,2.03,267.18,-0.65,-1.9,1.4,-0.22,0.3,37.7,1.3,9,0.02135,-0.25479,-0.33501,9,0.45,0.56,0.65
"94",1986,10,0,0.3,-1.248,22.47,22.47,-2.16,2.19,267.43,-0.12,-1.6,-3.3,-0.04,-0.7,40.3,1.4,10,0.0767,0.10997,-0.0341,10,0.6,0.81,0.95
"95",1986,11,1,1.35,-1.098,22.8,22.8,1,0.53,267.45,-0.2,4.9,-3.6,-0.07,-0.7,24.8,1.5,11,0.13686,0.26696,0.0636,11,0.38,0.53,0.52
"96",1986,12,0,1.31,-0.733,23.48,23.48,-0.61,1.28,267.57,0.05,9.8,-3.5,0.02,-0.7,-0.4,1.7,12,1.80845,1.61231,-2.0059,12,0.59,0.77,0.97
"97",1987,1,0,1,-0.569,24.59,24.59,-2.18,0.65,267.59,0.24,11.9,-2.7,0.08,-0.6,-1.2,1.8,1,0.51243,0.95144,0.23542,1,0.54,0.93,1.22
"98",1987,2,0,1.42,-0.175,25.79,25.79,-1.89,-0.11,267.75,0.68,12,-2.1,0.23,-0.4,-1,1.7,2,1.10648,1.06741,-1.00748,2,0.15,0.37,0.17
"99",1987,3,0,1.71,-0.011,25.68,25.68,0.78,-1,267.79,0.41,4.9,-5.2,0.14,-1.1,16.5,1.3,3,1.52377,1.03171,-1.92744,3,0.18,0.49,0.6
"100",1987,4,0,1.84,-0.121,24.7,24.7,-0.41,1.4,268.25,1.1,2.3,-5.7,0.37,-1.2,17.6,0.9,4,2.01767,1.51106,-2.04673,4,0,0.26,0.31
"101",1987,5,0,1.96,-0.2,23.15,23.15,1.24,0.75,268.04,0.35,-1.5,-6.4,0.12,-1.3,13.3,0.7,5,2.14975,1.94335,-1.73535,5,0.13,0.42,0.58
"102",1987,6,0,2.08,-0.287,21.46,21.46,0.24,2.57,268.1,1.35,-1.1,-2.9,0.46,-0.6,24.5,0.6,6,1.30243,1.44251,-0.98243,6,-0.09,0.17,0.37
"103",1987,7,0,2.1,-0.595,20.59,20.59,-0.11,-0.49,267.72,1.14,-5.4,-5.1,0.39,-1,12.5,0.6,7,2.21963,2.46076,-1.5195,7,-0.42,-0.25,-0.1
"104",1987,8,1,1.87,-0.736,19.55,19.55,-0.99,-0.21,267.69,0.87,-5.6,-3,0.3,-0.6,25.8,0.4,8,0.76478,1.12935,-0.26231,8,-0.28,-0.05,0.2
"105",1987,9,1,1.68,-0.788,19.44,19.44,-0.22,0.83,267.85,1.34,-5.1,-1.8,0.45,-0.4,43.8,0.4,9,1.73081,1.42596,-1.91104,9,-0.47,-0.29,-0.25
"106",1987,10,1,1.14,-0.821,19.81,19.81,0.46,0.93,267.9,1.27,-1.5,-3.2,0.43,-0.7,33.7,0.4,10,0.80438,0.67356,-0.90139,10,-0.43,-0.23,-0.17
"107",1987,11,0,0.74,-0.91,20.7,20.7,0.49,-1.54,268.06,1.6,3.3,-5.2,0.54,-1.1,37.4,0.5,11,0.31182,0.31249,-0.28012,11,-0.51,-0.4,-0.37
"108",1987,12,0,0.9,-0.976,22.06,22.06,-0.73,-0.54,268.29,2.18,11.7,-1.6,0.74,-0.3,17.6,0.6,12,0.33941,0.27545,-0.4171,12,-0.52,-0.54,-0.67
"109",1988,1,0,0.54,-1.223,24.27,24.27,0.62,1.16,268.06,1.63,12.5,-2.1,0.55,-0.4,21,0.6,1,0.04456,-0.05438,-0.19172,1,-0.47,-0.46,-0.45
"110",1988,2,0,0.54,-1.149,26.04,26.04,0.36,0.98,267.93,1.21,17.5,3.4,0.41,0.7,23.6,0.6,2,0.06427,-0.01758,-0.18322,2,-0.77,-0.86,-0.88
"111",1988,3,0,0.18,-1.086,26.34,26.34,0.18,-0.1,268.31,1.95,11.4,1.3,0.66,0.3,44,0.5,3,-0.834,-0.91287,0.57925,3,-0.94,-1.1,-1.31
"112",1988,4,0,-0.3,-1.134,25.45,25.45,0.31,0.94,268.11,0.69,10.4,2.4,0.23,0.5,40.9,0.3,4,0.49703,0.24556,-0.69639,4,-1.1,-1.43,-1.76
"113",1988,5,0,-1.3,-1.066,23.21,23.21,0.66,0.75,268.25,0.97,11.2,6.3,0.33,1.3,51.4,0.2,5,-0.81966,-0.66095,0.77198,5,-1,-1.29,-1.55
"114",1988,6,0,-1.11,-0.921,22.04,22.04,1.48,1.98,267.58,-0.19,4.4,2.6,-0.06,0.5,57.3,-0.1,6,-0.74217,-0.9124,0.45462,6,-0.8,-1.08,-1.22
"115",1988,7,0,-1.6,-0.855,21.17,21.17,0.74,-0.51,267.29,-0.13,4.2,4.5,-0.04,0.9,59.8,-0.2,7,-0.58217,-0.60719,0.44295,7,-0.52,-0.73,-0.87
"116",1988,8,0,-1.65,-0.49,20.71,20.71,2.13,1.08,267.46,0.19,-4.8,-2.2,0.07,-0.4,67.9,-0.3,8,-1.22153,-0.4509,1.91362,8,-0.4,-0.61,-0.72
"117",1988,9,4,-1.71,0.341,20.07,20.07,-0.05,0.98,267.49,0.27,7.1,10.4,0.09,2.1,70.4,-0.1,9,-1.19459,-1.04869,1.24525,9,-0.59,-0.88,-1.07
"118",1988,10,1,-1.86,0.94,20.54,20.54,0.34,-1,267.38,-0.27,14.1,12.4,-0.09,2.5,65.2,0,10,-1.09863,-0.7193,1.45856,10,-1.05,-1.52,-2.01
"119",1988,11,0,-2.06,1.711,21.41,21.41,0.08,-0.46,267.32,-0.59,19.9,11.4,-0.2,2.3,65.8,0,11,-1.85008,-1.13409,2.6966,11,-0.99,-1.51,-2.04
"120",1988,12,0,-1.47,2.441,22.41,22.41,0.35,-0.45,267.04,-1.52,22.4,9.1,-0.51,1.9,61.5,0,12,-0.87337,-0.60747,1.22491,12,-0.8,-1.31,-1.65
"121",1989,1,0,-1.56,2.535,24.09,24.09,-1.54,-0.88,267.06,-1.33,23.3,8.7,-0.45,1.8,61.1,-0.1,1,-0.78329,-0.74046,0.74491,1,-0.34,-0.72,-0.89
"122",1989,2,0,-1.23,2.291,25.94,25.94,-1.23,-1.44,266.8,-2.13,26.1,12,-0.72,2.5,61.2,-0.1,2,-0.86944,-0.6779,1.04366,2,0.17,-0.12,-0.11
"123",1989,3,0,-1.14,1.816,26.04,26.04,0.21,-1.07,266.77,-2.61,14.9,4.8,-0.88,1,57.4,-0.1,3,-0.765,-0.74176,0.66191,3,0.52,0.34,0.42
"124",1989,4,0,-1.65,1.242,25.02,25.02,-0.9,-3.87,267.41,-1.38,17.3,9.3,-0.47,1.9,47.2,0,4,-0.65488,-0.75975,0.2557,4,0.55,0.45,0.5
"125",1989,5,0,-1.26,0.593,24.18,24.18,-0.3,-1.71,267.39,-1.57,11.5,6.6,-0.53,1.3,49.1,0,5,-0.72076,-0.63244,0.60818,5,0.62,0.58,0.61
"126",1989,6,0,-0.74,0.233,22.83,22.83,1.08,-4.34,267.17,-1.4,4.1,2.3,-0.47,0.5,53.8,0,6,-0.00997,0.1946,0.24686,6,0.7,0.7,0.87
"127",1989,7,0,-0.64,-0.139,21.3,21.3,-0.45,-0.96,266.98,-1.05,1.7,2,-0.35,0.4,52,0.1,7,-0.2214,0.21684,0.68874,7,0.63,0.65,0.78
"128",1989,8,3,-0.04,-0.082,20.57,20.57,1.03,-1.06,267.17,-0.67,-4.3,-1.7,-0.22,-0.3,57.7,0.2,8,-0.77784,-1.05604,0.36907,8,0.37,0.29,0.35
"129",1989,9,3,-0.4,-0.134,20.24,20.24,1.19,-1.71,267.23,-0.5,-7.2,-3.9,-0.17,-0.8,62.2,0.3,9,0.00471,-0.02882,-0.04258,9,0.36,0.24,0.26
"130",1989,10,1,-0.51,-0.264,20.31,20.31,0.23,-1.7,267.33,-0.41,7.3,5.6,-0.14,1.1,55.9,0.2,10,-0.70657,-0.82754,0.52441,10,0.11,-0.06,-0.02
"131",1989,11,0,0.06,-0.481,21,21,0.26,-1.31,267.46,-0.17,15.4,6.9,-0.06,1.4,37.8,0.1,11,-0.24894,-0.30307,0.14661,11,0.04,-0.12,-0.22
"132",1989,12,0,0.27,-0.586,22.31,22.31,0.36,-1.52,267.35,-0.6,16,2.7,-0.2,0.5,34.5,0.1,12,0.25851,0.07574,-0.51829,12,0.46,0.48,0.64
"133",1990,1,0,0.15,-0.951,24.02,24.02,-0.16,-0.98,267.3,-0.62,23,8.4,-0.21,1.7,19.8,0,1,0.09334,0.13019,-0.02384,1,0.63,0.68,0.78
"134",1990,2,0,1.13,-1.169,25.72,25.72,-0.22,-2.22,267.18,-1.01,11.6,-2.5,-0.34,-0.5,19.8,0,2,0.98115,0.74213,-1.21359,2,0.86,0.98,1.08
"135",1990,3,0,0.61,-1.237,26.28,26.28,-0.69,-1.86,267.62,-0.1,16.7,6.6,-0.03,1.4,14.7,0,3,0.74089,0.48717,-0.95692,3,0.68,0.88,1.14
"136",1990,4,0,0.32,-1.228,25.24,25.24,-0.07,-1.07,267.99,0.33,12.7,4.7,0.11,1,25.8,0.1,4,0.48188,0.31373,-0.56038,4,0.37,0.56,0.65
"137",1990,5,0,-0.29,-1.502,24.09,24.09,0.99,0.1,268.19,0.8,5.6,0.7,0.27,0.1,42.3,0.2,5,0.17294,0.12143,-0.18773,5,0.1,0.05,0.05
"138",1990,6,0,0.12,-1.601,23.33,23.33,1.2,-0.59,267.98,0.99,2.7,0.9,0.34,0.2,45.5,0.3,6,-0.53726,-0.61482,0.38224,6,-0.05,-0.2,-0.3
"139",1990,7,1,0.04,-1.7,22.56,22.56,1.11,1.6,267.41,0.22,-1.6,-1.3,0.08,-0.3,43,0.1,7,0.3084,0.15199,-0.43179,7,0.22,0.16,0.27
"140",1990,8,2,0.47,-1.934,21.37,21.37,1.85,1.12,267.48,0.25,0,2.6,0.09,0.5,39.9,-0.1,8,0.36216,-0.052,-0.77249,8,0.38,0.37,0.46
"141",1990,9,1,0.55,-2.083,21.19,21.19,-0.01,1.7,267.44,0.12,-1.1,2.2,0.04,0.5,43.3,-0.3,9,-0.0395,-0.52691,-0.52167,9,0.27,0.32,0.25
"142",1990,10,4,0.17,-1.968,21.67,21.67,0.48,0.94,267.71,0.71,-0.1,-1.8,0.24,-0.4,50.3,-0.3,10,-0.16341,-0.34149,-0.04885,10,0.35,0.4,0.5
"143",1990,11,0,0.4,-1.852,22.38,22.38,-0.52,1.39,267.85,0.98,8,-0.5,0.33,-0.1,40.7,-0.2,11,0.28412,0.41661,-0.06571,11,0.34,0.28,0.38
"144",1990,12,0,0.4,-1.754,23.64,23.64,1.15,1.89,267.72,0.49,9.8,-3.5,0.17,-0.7,29.7,-0.2,12,0.72101,0.45533,-1.08031,12,0.51,0.61,0.88
"145",1991,1,0,0.12,-1.537,25.03,25.03,1.16,1.28,267.75,0.71,13.2,-1.4,0.24,-0.3,27.9,-0.2,1,-0.0165,-0.20389,-0.27571,1,0.51,0.64,0.92
"146",1991,2,0,0.23,-1.643,26.71,26.71,0.17,1.33,267.78,0.77,12.9,-1.2,0.26,-0.2,25.7,-0.2,2,-0.07319,-0.36837,-0.3999,2,0.29,0.35,0.29
"147",1991,3,0,0.64,-1.554,27.73,27.73,0.28,1.3,267.91,0.76,9.6,-0.5,0.26,-0.1,30.8,-0.2,3,0.62531,0.71841,-0.3879,3,0.2,0.24,0.18
"148",1991,4,0,0.86,-1.553,27.72,27.72,-1.14,1.59,267.88,0.01,7.5,-0.5,0,-0.1,36.9,-0.3,4,-0.0279,0.2137,0.38427,4,0.36,0.47,0.8
"149",1991,5,0,1.38,-1.503,26.63,26.63,-0.25,0.1,268.21,0.86,0.3,-4.6,0.29,-1,41.9,-0.3,5,0.77713,0.64893,-0.70124,5,0.58,0.71,0.76
"150",1991,6,0,0.94,-1.624,23.98,23.98,1.84,1.85,268.04,1.17,-1.3,-3.1,0.4,-0.6,40.5,-0.2,6,1.2746,1.06603,-1.36374,6,0.51,0.68,0.77
"151",1991,7,0,0.71,-1.418,21.89,21.89,-0.52,2.19,267.37,0.11,-2.7,-2.4,0.04,-0.5,38.9,0,7,0.83845,0.49575,-1.07801,7,0.53,0.64,0.73
"152",1991,8,1,0.82,-1.391,20.87,20.87,0.47,2.2,267.42,0.07,0,2.6,0.03,0.5,34.5,-0.1,8,0.95747,0.85435,-0.94656,8,0.35,0.43,0.49
"153",1991,9,1,1.02,-1.237,20.76,20.76,1.1,1.8,267.43,0.09,-4.9,-1.6,0.03,-0.3,42.5,-0.1,9,0.90521,0.93872,-0.77885,9,0.38,0.54,0.6
"154",1991,10,1,1.28,-1.258,21.02,21.02,-1.94,1.53,267.01,-1.36,-0.8,-2.5,-0.46,-0.5,42.9,-0.2,10,0.70264,0.45135,-0.94268,10,0.77,1.07,1.41
"155",1991,11,1,1,-1.114,21.59,21.59,-0.4,0.76,267.29,-0.68,6.5,-2,-0.23,-0.4,8.8,-0.3,11,1.52343,1.67623,-1.15363,11,0.76,1.04,1.22
"156",1991,12,0,1.82,-1.094,22.71,22.71,-1.54,-0.71,267.41,-0.42,8.5,-4.8,-0.14,-1,8.6,-0.4,12,0.59275,0.55372,-0.61965,12,0.85,1.23,1.71
"157",1992,1,0,2.12,-1.002,24.55,24.55,-0.74,1.14,267.13,-1.12,12.2,-2.4,-0.38,-0.5,0.6,-0.4,1,2.36302,1.935,-2.70963,1,0.83,1.27,1.57
"158",1992,2,0,1.51,-0.732,26.4,26.4,-0.54,0.7,267.46,-0.18,2.3,-11.8,-0.06,-2.4,14.8,-0.2,2,1.62374,1.34381,-1.82723,2,0.94,1.54,1.98
"159",1992,3,0,2.22,-0.381,27.09,27.09,-0.71,1.43,267.8,0.44,3.6,-6.5,0.15,-1.3,5.4,0.2,3,2.57237,2.44152,-2.29773,3,0.25,0.7,0.83
"160",1992,4,0,2.05,-0.294,26.79,26.79,-1.5,0.79,267.97,0.27,3.2,-4.8,0.09,-1,11.8,0.3,4,1.66474,1.50803,-1.29225,4,-0.19,0.19,0.38
"161",1992,5,0,1.19,-0.392,25.57,25.57,-1.11,1.22,267.99,0.21,0.4,-4.5,0.07,-0.9,14.6,0.3,5,1.71646,1.4157,-1.57307,5,-0.69,-0.4,-0.32
"162",1992,6,0,1.18,-0.48,24.16,24.16,-0.97,0.97,267.71,0.19,0,-1.8,0.07,-0.4,28,0.5,6,0.84234,0.68303,-0.92625,6,-1.04,-0.83,-0.78
"163",1992,7,0,0.7,-0.913,22.66,22.66,-0.36,0.21,267.02,-0.93,-2.1,-1.8,-0.31,-0.4,39.1,0.9,7,0.03925,-0.26971,-0.39082,7,-0.89,-0.72,-0.73
"164",1992,8,1,-0.08,-1.192,21.57,21.57,0.57,1.26,267.16,-0.7,0,2.6,-0.23,0.5,46.8,1.1,8,-0.11165,-0.57292,-0.41251,8,-0.78,-0.66,-0.73
"165",1992,9,2,-0.02,-1.226,21.11,21.11,-0.83,0.73,267.09,-0.91,-6.3,-3,-0.31,-0.6,53.1,1.2,9,0.43427,0.60573,-0.19597,9,-0.68,-0.54,-0.56
"166",1992,10,1,0.75,-1.098,21.57,21.57,1.33,0.56,267.21,-0.77,4.2,2.5,-0.26,0.5,44.2,1.3,10,-0.90982,-0.48343,1.33513,10,-0.56,-0.52,-0.5
"167",1992,11,0,0.36,-1.054,21.96,21.96,0.53,0.74,267.08,-1.3,5.6,-2.9,-0.44,-0.6,30.8,1.4,11,0.62404,0.43015,-0.84115,11,-0.42,-0.35,-0.27
"168",1992,12,0,0.4,-0.831,22.83,22.83,-0.38,-0.33,267.22,-0.99,15.3,2,-0.33,0.4,13.3,1.3,12,0.35649,0.44562,-0.20416,12,-0.24,-0.05,0.19
"169",1993,1,0,0.59,-0.747,24.47,24.47,0.09,-0.84,267.16,-1.04,6.9,-7.7,-0.35,-1.6,23.5,1.1,1,0.16607,0.06751,-0.2964,1,-0.18,0.07,0.27
"170",1993,2,0,0.74,-0.63,25.77,25.77,0.79,-0.67,267,-1.54,7.5,-6.6,-0.52,-1.4,9.7,0.6,2,0.70837,0.49331,-0.94276,2,-0.05,0.17,0.28
"171",1993,3,0,0.81,-0.405,25.48,25.48,-2.04,0.02,267.14,-1.52,9.7,-0.4,-0.51,-0.1,21.7,0.1,3,0.70548,0.4845,-0.88304,3,0.08,0.38,0.56
"172",1993,4,0,1.71,-0.273,24.27,24.27,-0.79,0.43,267.65,-0.67,5.2,-2.8,-0.23,-0.6,5.4,-0.3,4,1.33938,1.05858,-1.27445,4,0.23,0.61,0.81
"173",1993,5,0,1.2,-0.383,23.36,23.36,-0.95,-0.56,267.88,-0.12,-1.2,-6.1,-0.04,-1.3,19.7,-0.6,5,1.11693,0.96054,-0.9694,5,0,0.32,0.42
"174",1993,6,0,1.38,-0.529,22.21,22.21,0.5,-0.78,267.75,0.31,-2.2,-4,0.11,-0.8,22.4,-0.6,6,0.73234,0.63616,-0.75602,6,-0.47,-0.31,-0.29
"175",1993,7,0,0.94,-0.784,21.09,21.09,-1.1,-0.51,267.41,0.22,0.4,0.7,0.08,0.1,25.9,-0.6,7,0.20988,0.37918,0.02656,7,-0.66,-0.5,-0.4
"176",1993,8,1,0.92,-0.935,19.98,19.98,-1.01,-1.39,267.14,-0.75,-6.4,-3.8,-0.25,-0.8,40.6,-0.7,8,0.57853,0.40677,-0.69287,8,-0.58,-0.47,-0.38
"177",1993,9,3,0.65,-1.137,20.58,20.58,0.87,-1.35,267.03,-1.09,-6.2,-2.9,-0.37,-0.6,40.1,-0.8,9,0.155,0.13797,-0.15939,9,-0.29,-0.12,0.12
"178",1993,10,0,0.96,-1.135,21.81,21.81,0.93,-2.6,267.34,-0.38,0.5,-1.2,-0.13,-0.3,28.3,-0.8,10,0.77563,1.03197,-0.43562,10,-0.23,-0.07,0.1
"179",1993,11,0,0.24,-1.046,22.26,22.26,-0.31,0.49,267.55,0.09,1.9,-6.6,0.03,-1.4,45.9,-0.8,11,0.17294,-0.16949,-0.648,11,-0.24,-0.15,0.02
"180",1993,12,0,0.12,-0.825,23.67,23.67,1.46,0.7,267.78,0.67,12.3,-1,0.23,-0.2,26.8,-0.8,12,0.15359,0.19435,-0.08442,12,-0.36,-0.36,-0.33
"181",1994,1,0,0.16,-1.097,25.3,25.3,-0.44,-0.76,267.5,-0.03,14.3,-0.3,-0.01,-0.1,33.5,-0.6,1,0.12552,-0.18837,-0.5945,1,-0.53,-0.57,-0.62
"182",1994,2,0,-0.07,-1.277,26.2,26.2,1.36,-0.26,267.45,-0.21,14.1,0,-0.07,0,44.7,-0.3,2,-0.13718,-0.32013,-0.16934,2,-0.53,-0.64,-0.6
"183",1994,3,0,0.53,-1.463,26,26,-1.31,0.41,267.31,-1.01,11.6,1.5,-0.34,0.3,41.3,-0.1,3,-0.81079,-0.99329,0.41855,3,-0.45,-0.58,-0.4
"184",1994,4,0,1.1,-1.8,23.99,23.99,-1.3,-0.06,267.61,-0.79,7.1,-0.9,-0.27,-0.2,32,0.2,4,0.26879,0.04621,-0.50799,4,-0.22,-0.35,-0.14
"185",1994,5,0,0.89,-2.347,23,23,-2.27,0.35,267.86,-0.18,2.4,-2.5,-0.06,-0.5,40.5,0.5,5,0.16057,-0.00269,-0.33352,5,0.04,0,0.16
"186",1994,6,0,0.83,-2.667,22.2,22.2,0.27,-1.75,267.63,-0.04,0.7,-1.1,-0.01,-0.2,45.4,0.8,6,0.59798,0.67005,-0.44205,6,0.04,0.05,0.14
"187",1994,7,0,1.11,-2.619,21.35,21.35,0.2,-2.13,267.32,-0.04,0.1,0.4,-0.01,0.1,41.5,1.2,7,1.02119,1.12649,-0.70562,7,0.03,0,0.02
"188",1994,8,1,1.34,-2.445,20.6,20.6,0.83,-2.74,267.26,-0.4,-3,-0.4,-0.13,-0.1,41.2,1.5,8,0.7069,0.90694,-0.39375,8,0.28,0.4,0.67
"189",1994,9,0,1.18,-2.277,20.44,20.44,0.92,-1.44,267.3,-0.29,-5.8,-2.5,-0.1,-0.5,37.5,1.9,9,1.27871,1.67048,-0.70638,9,0.31,0.46,0.7
"190",1994,10,0,1.29,-1.857,20.46,20.46,0.8,-0.09,267.06,-1.21,-8,-9.7,-0.41,-2,43.3,2,10,1.2788,0.97957,-1.53645,10,0.5,0.76,1.12
"191",1994,11,2,1.02,-1.313,21.37,21.37,-0.78,0.21,267.4,-0.35,3.5,-5,-0.12,-1,25.7,2,11,0.84742,0.58452,-1.14167,11,0.67,0.91,1.16
"192",1994,12,0,1.32,-1.182,21.96,21.96,-2.03,1.04,267.67,0.35,13.4,0.1,0.12,0,-6.9,1.7,12,1.14523,1.31774,-0.82621,12,0.39,0.63,0.8
"193",1995,1,0,0.84,-1.498,23.92,23.92,-0.92,0.48,267.67,0.47,12.6,-2,0.16,-0.4,8.5,1.4,1,0.34518,0.3635,-0.2707,1,0.09,0.36,0.51
"194",1995,2,0,0.7,-1.743,25.66,25.66,-1.03,-0.95,267.39,-0.39,7.8,-6.3,-0.13,-1.3,25.2,1.2,2,-0.09856,-0.41863,-0.41719,2,-0.17,0.04,0.13
"195",1995,3,0,0.44,-2.075,26.16,26.16,-0.8,-2.94,267.64,-0.04,11.3,1.2,-0.01,0.2,36.7,1,3,-0.51966,-0.70315,0.17739,3,-0.47,-0.47,-0.44
"196",1995,4,0,0.97,-2.374,23.62,23.62,-1.07,1.63,268.08,0.6,5.7,-2.3,0.2,-0.5,40.3,0.7,4,0.38868,0.3541,-0.29865,4,-0.52,-0.56,-0.6
"197",1995,5,0,0.64,-2.405,22.97,22.97,-0.42,1.47,268.01,0.26,4.8,-0.1,0.09,0,46,0.4,5,0.13914,-0.24933,-0.62963,5,-0.46,-0.5,-0.44
"198",1995,6,1,0.28,-2.145,21.24,21.24,1.89,0.26,267.96,0.93,-1.2,-3,0.32,-0.6,50.6,0.2,6,-0.09679,0.17285,0.39894,6,-0.27,-0.28,-0.14
"199",1995,7,0,0,-1.806,20.7,20.7,-1.26,-1.01,267.39,0.17,-4.9,-4.6,0.06,-0.9,52.1,0.2,7,-0.17231,-0.28761,0.00574,7,-0.23,-0.34,-0.44
"200",1995,8,5,-0.2,-1.333,20.14,20.14,0.32,0.06,267.68,0.84,-6.1,-3.5,0.29,-0.7,61.9,0.1,8,-1.37162,-1.22119,1.35896,8,-0.4,-0.62,-0.84
"201",1995,9,2,-0.42,-0.849,20.08,20.08,0.36,-0.81,267.67,0.8,-3.5,-0.2,0.27,0,59.5,-0.1,9,-1.14092,-1.11589,1.05857,9,-0.53,-0.85,-1.2
"202",1995,10,3,-0.26,-0.595,20.31,20.31,1.42,0.36,267.6,0.39,0.7,-1,0.13,-0.2,66,-0.1,10,-0.51376,-0.70161,0.26807,10,-0.46,-0.77,-1.03
"203",1995,11,0,-0.38,-0.335,20.56,20.56,-0.81,0.19,267.42,-0.29,11.4,2.9,-0.1,0.6,60.7,-0.2,11,-1.21603,-0.96753,1.45324,11,-0.44,-0.74,-0.86
"204",1995,12,0,0.01,-0.059,21.68,21.68,-1.56,-1.77,267.16,-1.16,10.5,-2.8,-0.39,-0.6,52.8,-0.3,12,-0.9078,-0.79046,1.03516,12,-0.31,-0.63,-0.84
"205",1996,1,0,-0.66,0.021,23.66,23.66,-0.15,-1.4,267.06,-1.33,18.5,3.9,-0.45,0.8,61.7,-0.4,1,-0.98519,-0.65428,1.36564,1,0.04,-0.16,-0.29
"206",1996,2,0,-0.39,-0.294,25.88,25.88,-2.05,-0.61,267.32,-0.59,14.4,0.3,-0.2,0.1,60.4,-0.5,2,-1.22801,-1.04842,1.33159,2,0.13,-0.02,-0.12
"207",1996,3,0,-0.52,-0.398,27.03,27.03,0.43,0.88,267.5,-0.45,8.8,-1.3,-0.15,-0.3,53.5,-0.5,3,-0.22198,-0.46246,-0.14569,3,0.21,0.09,0.05
"208",1996,4,0,-0.53,-0.779,26.44,26.44,-0.54,-1.6,267.73,-0.44,10.1,2.1,-0.15,0.4,43.5,-0.4,4,-0.63879,-0.76167,0.21817,4,0.17,-0.03,0.01
"209",1996,5,0,-0.48,-1.189,26.54,26.54,-0.15,0.18,267.69,-0.68,7.2,2.3,-0.23,0.5,49.2,-0.2,5,-0.4119,-0.62442,-0.01513,5,0.12,-0.07,-0.16
"210",1996,6,0,-0.54,-1.345,26.12,26.12,0.1,0.98,267.62,-0.07,2.7,0.9,-0.02,0.2,51.8,0,6,-0.16137,-0.37714,-0.10921,6,0.14,0.08,0.17
"211",1996,7,2,-0.26,-1.234,25.59,25.59,-1.18,-0.28,267.12,-0.63,2,2.3,-0.21,0.5,53.4,0,7,-0.42737,-0.82702,-0.11785,7,0,-0.15,-0.18
"212",1996,8,3,-0.35,-1.266,24.96,24.96,1.26,-0.63,267.06,-0.99,-2.9,-0.3,-0.33,-0.1,58.9,-0.2,8,-0.51051,-0.22093,0.76386,8,0.04,-0.18,-0.35
"213",1996,9,2,-0.44,-1.073,24.69,24.69,0.63,-0.7,267.4,0.01,-3.2,0.1,0,0,63.9,-0.3,9,-0.43937,-0.77948,0.00773,9,-0.02,-0.26,-0.46
"214",1996,10,1,-0.27,-1.019,24.69,24.69,-0.61,0.38,267.4,-0.21,0.2,-1.5,-0.07,-0.3,59.5,-0.4,10,-0.96602,-0.85345,1.03203,10,-0.07,-0.24,-0.3
"215",1996,11,1,-0.03,-1.1,26.12,26.12,-1.96,-0.26,267.27,-0.74,7.2,-1.3,-0.25,-0.3,56.1,-0.3,11,-0.63504,-0.47412,0.80367,11,-0.1,-0.37,-0.47
"216",1996,12,0,-0.48,-0.97,27.06,27.06,-0.21,-1.5,267.28,-0.81,16.3,3,-0.27,0.6,47.3,-0.4,12,-1.0508,-0.94628,1.15139,12,0.08,-0.17,-0.3
"217",1997,1,0,-0.31,-0.68,28.12,28.12,-1.16,-1.78,267.05,-1.36,15.3,0.7,-0.46,0.1,41.9,-0.6,1,0.17659,-0.20125,-0.73771,1,0.54,0.49,0.56
"218",1997,2,0,-0.75,-0.464,28.74,28.74,-0.2,0.04,267.11,-1.21,20.3,6.2,-0.41,1.3,42.5,-0.7,2,-0.89825,-0.7304,1.03118,2,0.84,0.85,1
"219",1997,3,0,0.42,0.051,29.23,29.23,-2.25,0.39,267.13,-1.55,16.2,6.1,-0.52,1.3,21.6,-0.6,3,1.26246,1.17157,-1.16411,3,1.09,1.26,1.17
"220",1997,4,0,0.96,0.742,28.22,28.22,-1.91,0.16,267.23,-1.92,10.7,2.7,-0.65,0.6,19,-0.4,4,1.24804,1.17459,-0.90198,4,1.49,1.87,2.17
"221",1997,5,0,2.11,1.314,27.14,27.14,-0.8,0.01,267.52,-1.19,4.3,-0.6,-0.4,-0.1,16.3,0,5,2.13609,1.97738,-1.66036,5,1.38,1.82,2.01
"222",1997,6,0,2.12,1.83,25.36,25.36,-0.33,-1.91,267.44,-0.6,-4.2,-6,-0.2,-1.2,29.7,0.3,6,3.53095,3.37359,-3.28857,6,1.55,2.01,2.25
"223",1997,7,2,1.88,2.386,23.37,23.37,-1.24,-0.45,267.59,0.76,-4.6,-4.3,0.26,-0.9,22.8,0.6,7,1.95745,2.45029,-1.01445,7,1.34,1.77,1.83
"224",1997,8,0,2.48,2.785,21.97,21.97,-0.35,-1.13,267.44,0.13,-5.8,-3.2,0.05,-0.6,24.8,0.5,8,2.99355,3.37697,-2.17966,8,1.07,1.5,1.79
"225",1997,9,1,2.27,2.961,20.95,20.95,0.11,-0.43,267.55,0.45,-6.9,-3.6,0.15,-0.7,32.8,0.4,9,3.0605,3.11977,-2.69505,9,1.25,1.85,2.38
"226",1997,10,0,2.15,3.262,21.35,21.35,1.1,-1.92,267.58,0.33,-4.1,-5.8,0.11,-1.2,12.2,0.5,10,3.20304,3.559,-2.59535,10,1.35,2.05,2.56
"227",1997,11,0,1.92,3.195,21.51,21.51,-0.35,-1.55,267.69,0.51,-4.5,-13,0.17,-2.7,38.8,0.7,11,2.13268,2.887,-0.83839,11,1.19,1.94,2.3
"228",1997,12,0,1.74,3.08,22.63,22.63,-1.12,0.47,268.06,1.5,-0.6,-13.9,0.51,-2.9,14.4,1,12,2.28455,2.36665,-2.0403,12,0.56,1.15,1.02
"229",1998,1,0,2.73,2.942,23.79,23.79,-1.78,-0.22,268.41,2.66,-2.7,-17.3,0.9,-3.6,24,1.1,1,2.47553,3.03959,-1.27183,1,-0.24,0.16,0
"230",1998,2,0,2.61,2.959,25.56,25.56,1.11,0,268.64,3.31,-2.8,-16.9,1.12,-3.5,30.2,1.1,2,1.96814,2.70274,-0.53221,2,-0.66,-0.35,-0.38
"231",1998,3,0,2.45,2.815,26.45,26.45,0.13,0.15,268.58,2.75,-5.7,-15.8,0.93,-3.2,39.2,0.9,3,1.34651,2.46134,0.41385,3,-0.76,-0.51,-0.61
"232",1998,4,0,1.55,2.788,24.64,24.64,-1.11,0.49,268.92,3.08,-6.4,-14.4,1.04,-3,53.3,0.8,4,1.11937,2.6946,1.68111,4,-1.08,-0.91,-1.06
"233",1998,5,0,0.49,2.745,23.73,23.73,0.23,0.54,268.79,2.57,1,-3.9,0.87,-0.8,37.4,0.6,5,1.01023,1.62989,0.17281,5,-1.43,-1.42,-1.75
"234",1998,6,0,-0.86,2.636,22.36,22.36,-0.08,0.43,268.07,1.26,3.3,1.5,0.43,0.3,42.9,0.4,6,-0.88174,-0.49332,1.22754,6,-1.68,-1.79,-2.16
"235",1998,7,0,-1.45,2.193,21.73,21.73,-0.04,0.74,267.64,0.91,2.1,2.4,0.31,0.5,53.3,0.4,7,-0.27011,0.74223,1.39531,7,-1.74,-1.94,-2.29
"236",1998,8,2,-1.39,1.922,20.89,20.89,1.3,1.33,267.7,0.9,-5.7,-3.1,0.31,-0.6,60.7,0.5,8,-0.9705,0.00577,1.9225,8,-1.68,-1.97,-2.46
"237",1998,9,5,-1.21,1.789,19.67,19.67,-0.87,1.28,267.64,0.72,-3.7,-0.4,0.24,-0.1,68.2,0.8,9,-1.17287,-1.00447,1.25135,9,-1.44,-1.76,-2.15
"238",1998,10,2,-1.28,1.904,20.15,20.15,0.45,1.3,267.72,0.74,3.5,1.8,0.25,0.4,64.3,0.9,10,-1.01313,-1.06855,0.88573,10,-1.55,-1.95,-2.35
"239",1998,11,1,-1.18,2.073,20.43,20.43,0.83,0.88,267.48,-0.12,12.9,4.4,-0.04,0.9,64,0.8,11,-1.08407,-1.04487,1.03352,11,-1.53,-1.96,-2.33
"240",1998,12,0,-1.51,2.508,22.17,22.17,-1.74,1.51,267.41,-0.42,15.8,2.5,-0.14,0.5,57.3,0.6,12,-0.98407,-1.06461,0.81123,12,-1.34,-1.71,-2.18
"241",1999,1,0,-1.71,2.577,23.81,23.81,-2.96,1.2,267.18,-0.98,23.5,8.9,-0.33,1.8,62.5,0.5,1,-1.1481,-0.87794,1.41278,1,-1.16,-1.52,-1.8
"242",1999,2,0,-1.14,2.338,25.48,25.48,-1.97,0.95,266.95,-1.69,20,5.9,-0.57,1.2,54.5,0.3,2,-0.80235,-0.77379,0.73094,2,-0.93,-1.36,-1.61
"243",1999,3,0,-1.04,2.028,26.02,26.02,0.47,0.95,267.3,-1.04,10.1,0,-0.35,0,59.8,0.3,3,-0.97757,-0.71714,1.16105,3,-0.54,-0.86,-0.99
"244",1999,4,0,-1.29,1.511,25.5,25.5,0.48,1,267.31,-1.68,7.8,-0.2,-0.57,0,53.3,0.2,4,-1.6974,-0.76089,2.49614,4,-0.42,-0.75,-0.91
"245",1999,5,0,-0.68,0.882,24.02,24.02,1.02,-0.58,267.19,-2.16,7.4,2.5,-0.73,0.5,53.8,0,5,-1.3144,-1.15246,1.11031,5,-0.29,-0.59,-0.81
"246",1999,6,0,-0.84,0.539,22.75,22.75,2.11,0.46,266.93,-2.11,0.4,-1.4,-0.71,-0.3,52.1,-0.3,6,-0.60652,-0.81059,0.29591,6,-0.15,-0.4,-0.52
"247",1999,7,0,-0.88,0.312,21.68,21.68,0.51,0.53,266.9,-1.28,4.8,5.1,-0.43,1.1,49.6,-0.6,7,-0.96072,-1.21708,0.48107,7,-0.31,-0.51,-0.64
"248",1999,8,3,-0.92,0.2,20.44,20.44,-0.69,0.33,267.05,-1.02,-5.2,-2.6,-0.35,-0.5,61.5,-0.8,8,-1.3033,-1.25776,1.18367,8,-0.56,-0.87,-1.21
"249",1999,9,2,-0.55,0.269,20.5,20.5,1.31,0.45,267.04,-1.06,-9.2,-5.9,-0.36,-1.2,69.4,-0.8,9,-0.29173,-0.37872,0.16389,9,-0.52,-0.92,-1.27
"250",1999,10,2,-1.09,0.484,20.74,20.74,0.55,0.51,266.92,-1.63,5.4,3.7,-0.55,0.8,65.9,-0.7,10,-0.92281,-0.6503,1.17287,10,-0.5,-0.88,-1.07
"251",1999,11,1,-1.3,0.682,20.46,20.46,0.13,-0.63,267.12,-1.18,14.8,6.3,-0.4,1.3,59,-0.9,11,-0.73938,-0.76756,0.62597,11,-0.72,-1.18,-1.48
"252",1999,12,0,-1.47,1.276,21.85,21.85,1.53,0.45,267.07,-1.43,22.4,9.1,-0.48,1.9,65.3,-1.1,12,-1.0691,-0.93703,1.20994,12,-0.77,-1.23,-1.55
"253",2000,1,0,-1.22,1.57,23.94,23.94,0.12,-0.32,266.99,-1.54,20,5.4,-0.52,1.1,62,-1.4,1,-1.00105,-0.92345,0.98739,1,-0.5,-0.96,-1.28
"254",2000,2,0,-1.78,2.017,25.62,25.62,1.01,-0.33,266.86,-1.95,19.5,5.4,-0.66,1.1,68.8,-1.4,2,-0.95071,-0.55166,1.43831,2,-0.26,-0.69,-0.91
"255",2000,3,0,-1.24,2.038,26.66,26.66,0.49,-1.47,267.02,-1.87,12.8,2.7,-0.63,0.6,64.3,-1.1,3,-0.75159,-0.42659,1.06313,3,-0.04,-0.41,-0.64
"256",2000,4,0,-1.13,1.684,25.72,25.72,-0.66,-2.8,267.28,-1.77,8,0,-0.6,0,55.2,-0.8,4,-0.9821,-0.75759,0.96273,4,0.22,-0.08,-0.31
"257",2000,5,0,-0.79,1.132,23.71,23.71,-0.5,-1.12,267.44,-1.42,6.2,1.3,-0.48,0.3,48.5,-0.7,5,-0.69274,-0.43453,0.82356,5,0.34,0.04,-0.18
"258",2000,6,0,-0.3,0.648,22.28,22.28,0.23,-2.16,267.2,-1.31,7.8,6,-0.44,1.2,55.9,-0.7,6,-1.62835,-1.05791,2.09602,6,0.34,0.15,0.08
"259",2000,7,0,-0.19,0.012,21.38,21.38,0.74,-1.64,266.85,-1.43,-0.8,-0.5,-0.48,-0.1,57.9,-0.8,7,0.04638,0.03228,-0.05399,7,0.25,0.09,0.03
"260",2000,8,2,-0.5,-0.251,20.16,20.16,-0.6,-1.09,267.1,-0.87,2,4.6,-0.29,1,48.8,-0.8,8,-1.16031,-1.33708,0.81374,8,0.14,0.04,0
"261",2000,9,5,-0.71,-0.224,19.6,19.6,-0.39,-0.94,267.08,-0.94,-7.1,-3.8,-0.32,-0.8,62.4,-0.8,9,0.28711,0.43948,-0.08496,9,0.08,0,-0.12
"262",2000,10,1,-0.87,0.036,19.88,19.88,-0.95,-1.61,267.34,-0.38,6.2,4.5,-0.13,0.9,57.5,-0.9,10,-1.17446,-1.1184,1.16314,10,-0.11,-0.3,-0.37
"263",2000,11,0,-1.36,0.269,20.77,20.77,-1.15,-1.37,267.37,-0.44,10.6,2.1,-0.15,0.4,58.2,-1,11,-0.7076,-0.67605,0.68316,11,-0.3,-0.54,-0.67
"264",2000,12,0,-0.82,0.618,21.79,21.79,-1.09,-0.4,267.43,-0.36,15.5,2.2,-0.12,0.4,52.2,-0.9,12,-0.47222,-0.48275,0.43138,12,-0.36,-0.72,-0.96
"265",2001,1,0,-0.88,0.921,23.79,23.79,-2.43,-2.84,267.15,-1.07,18.2,3.6,-0.36,0.7,58.7,-0.7,1,-0.93738,-0.7331,1.12827,1,-0.07,-0.44,-0.56
"266",2001,2,0,-1.16,1.144,26.03,26.03,-0.16,-0.21,267.31,-0.62,26.3,12.2,-0.21,2.5,44.7,-0.4,2,-1.09959,-0.99885,1.09822,2,-0.04,-0.41,-0.63
"267",2001,3,0,-0.5,0.813,27.25,27.25,-0.28,-3.2,267.28,-1.1,12.1,2,-0.37,0.4,49.5,0.1,3,-0.97516,-0.89263,0.91602,3,0.22,-0.03,-0.29
"268",2001,4,0,-0.35,0.329,26.35,26.35,0.23,0.07,267.82,-0.17,6.4,-1.6,-0.06,-0.3,37.6,0.4,4,-0.86644,-0.97561,0.38316,4,0.42,0.29,0.26
"269",2001,5,0,0.18,-0.35,25.04,25.04,1.09,-0.19,267.72,-0.59,6.8,1.9,-0.2,0.4,39.8,0.7,5,-0.17695,-0.57516,-0.42976,5,0.27,0.13,0.11
"270",2001,6,0,0,-1.088,23.51,23.51,0.51,2.49,267.31,-0.99,2.7,0.9,-0.33,0.2,44,0.9,6,-0.97573,-1.22021,0.5736,6,0.33,0.29,0.46
"271",2001,7,0,0.33,-1.91,21.72,21.72,-1.74,0.18,267.15,-0.54,-0.3,0,-0.18,0,45.9,1.1,7,0.47214,-0.20025,-1.1641,7,0.43,0.51,0.61
"272",2001,8,0,0.45,-2.233,20.74,20.74,-0.81,0.05,267.51,0.34,3.1,5.7,0.12,1.2,44.6,1.4,8,-0.17648,0.04826,0.40175,8,0.09,0.1,0.12
"273",2001,9,4,-0.08,-2.24,20.93,20.93,0.15,1.05,267.18,-0.65,-6.1,-2.8,-0.22,-0.6,58.3,1.6,9,0.09751,0.59687,0.48298,9,0.22,0.24,0.35
"274",2001,10,2,0.07,-2.123,21.39,21.39,-1.35,0.29,267.56,0.27,1.9,0.2,0.09,0,50.3,1.8,10,-0.39585,-0.41687,0.34679,10,0.17,0.18,0.28
"275",2001,11,3,-0.47,-2.084,22.63,22.63,-0.26,1.92,267.75,0.68,12.4,3.9,0.23,0.8,41.2,2.1,11,-0.74356,-0.70612,0.72404,11,0.18,0.18,0.22
"276",2001,12,0,0.36,-1.637,23.91,23.91,-1.76,2.35,267.59,0.11,16.5,3.2,0.04,0.7,8.7,2.1,12,0.37255,0.49711,-0.16635,12,0.22,0.23,0.17
"277",2002,1,0,-0.22,-1.186,24.69,24.69,-2.46,2.16,267.32,-0.56,17.9,3.3,-0.19,0.7,31.7,1.8,1,-0.05427,0.01082,0.14775,1,0.49,0.64,0.95
"278",2002,2,0,-0.44,-0.929,25.98,25.98,-2.27,1.03,267.66,0.41,22.8,8.7,0.14,1.8,16,1.2,2,0.60475,0.50991,-0.66579,2,0.51,0.64,0.78
"279",2002,3,0,0.31,-0.802,26.42,26.42,-0.1,1.43,267.73,0.23,10.9,0.8,0.08,0.2,22.1,0.5,3,0.27341,0.12633,-0.42616,3,0.45,0.6,0.55
"280",2002,4,0,0.3,-0.918,24.98,24.98,-1.95,0.75,267.87,-0.02,8.3,0.3,-0.01,0.1,41.3,-0.1,4,-0.12602,-0.41122,-0.35292,4,0.23,0.29,0.32
"281",2002,5,0,0.98,-1.281,22.77,22.77,0.21,0.35,268.03,0.32,2.2,-2.7,0.11,-0.6,45,-0.5,5,0.21128,-0.119,-0.59805,5,0.1,0.03,0.07
"282",2002,6,0,0.89,-1.757,21.77,21.77,-0.15,0.45,267.72,0.22,2.2,0.4,0.08,0.1,32,-0.9,6,0.44943,0.27223,-0.6015,6,0.43,0.42,0.67
"283",2002,7,0,1.04,-2.067,20.95,20.95,-1.13,-0.23,267.54,0.61,-2.6,-2.3,0.21,-0.5,49.3,-1.1,7,1.70256,1.42005,-1.7087,7,0.53,0.58,0.73
"284",2002,8,0,1.3,-2.169,21.02,21.02,-0.04,-0.42,267.47,0.22,0.7,3.3,0.08,0.7,25.9,-1.3,8,0.93982,1.27277,-0.44945,8,0.7,0.81,1.05
"285",2002,9,4,1.07,-1.903,20.28,20.28,0.13,0.88,267.4,0.01,-4.1,-0.8,0,-0.2,24.1,-1.5,9,1.7772,1.86599,-1.50281,9,0.93,1.14,1.41
"286",2002,10,0,1.01,-1.552,21.25,21.25,-1.49,0.17,267.43,-0.12,0.5,-1.2,-0.04,-0.3,29.4,-1.7,10,1.50342,1.35509,-1.57571,10,1.04,1.4,1.72
"287",2002,11,0,1.09,-1.383,21.94,21.94,0.53,0.16,267.62,0.3,6.4,-2.1,0.1,-0.4,20,-1.9,11,0.91197,0.87337,-0.87752,11,0.78,1.23,1.58
"288",2002,12,0,1.41,-1.289,23.03,23.03,-0.86,-0.04,267.82,0.79,8.2,-5.1,0.27,-1.1,12.9,-2,12,1.52927,1.69648,-1.19775,12,0.26,0.63,0.74
"289",2003,1,0,0.68,-1.484,24.36,24.36,-0.88,1.56,267.9,1.15,13.1,-1.5,0.39,-0.3,-0.9,-1.8,1,0.81898,0.71276,-0.87393,1,-0.1,0.13,0.27
"290",2003,2,0,0.99,-1.7,26.03,26.03,-0.14,-0.49,267.87,1.03,8.9,-5.2,0.35,-1.1,18.5,-1.6,2,0.22479,0.28301,-0.10102,2,-0.34,-0.27,-0.11
"291",2003,3,0,0.77,-1.983,25.75,25.75,0.53,-1.22,267.83,0.53,8.1,-2,0.18,-0.4,24.7,-1.2,3,-0.05283,-0.15238,-0.09249,3,-0.29,-0.24,-0.06
"292",2003,4,0,0.14,-2.153,24.96,24.96,0.11,0.7,267.99,0.33,5.6,-2.4,0.11,-0.5,42.3,-1,4,0.30221,0.1288,-0.45453,4,-0.44,-0.51,-0.49
"293",2003,5,0,-0.04,-2.241,22.82,22.82,0.67,0.28,268,0.23,8.7,3.8,0.08,0.8,44.1,-0.9,5,-0.29548,0.15625,0.82235,5,-0.6,-0.77,-0.85
"294",2003,6,0,0.19,-1.985,22.05,22.05,1.01,-0.28,267.46,-0.55,-2.1,-3.9,-0.18,-0.8,56.1,-0.8,6,1.09819,0.4762,-1.68973,6,0.08,0.03,0.13
"295",2003,7,2,0.13,-1.917,21.18,21.18,-0.26,-0.58,267.53,0.58,3.9,4.2,0.2,0.9,42.2,-0.5,7,-0.46642,-0.36653,0.49425,7,0.45,0.44,0.53
"296",2003,8,2,0.2,-1.769,20.26,20.26,-0.95,-1.2,267.43,0.1,-3.4,-0.8,0.04,-0.2,57.9,-0.4,8,-0.05095,-0.36233,-0.2997,8,0.24,0.2,0.03
"297",2003,9,3,0.3,-1.499,20.46,20.46,-0.27,-1.08,267.47,0.21,-4.9,-1.6,0.07,-0.3,53.1,-0.4,9,-0.55743,-0.82102,0.2018,9,0.28,0.16,0.1
"298",2003,10,0,0.43,-1.169,21.16,21.16,-0.74,0.05,267.75,0.83,3.1,1.4,0.28,0.3,51.9,-0.6,10,-0.36216,-0.53011,0.14869,10,0.42,0.33,0.34
"299",2003,11,0,0.43,-1.168,22.37,22.37,-1.66,-0.49,267.71,0.57,5.5,-3,0.19,-0.6,55.2,-0.8,11,0.08533,-0.06581,-0.29411,11,0.52,0.53,0.54
"300",2003,12,0,-0.26,-0.94,23.18,23.18,0.23,-0.62,267.83,0.82,16,2.7,0.28,0.5,36,-0.6,12,-0.42965,-0.58377,0.17616,12,0.3,0.25,0.17
"301",2004,1,0,0.87,-0.809,24.54,24.54,-1.54,0.2,267.66,0.44,12.4,-2.2,0.15,-0.5,21.3,-0.5,1,0.28436,-0.03009,-0.73299,1,0.26,0.18,0.05
"302",2004,2,0,-0.5,-0.86,25.16,25.16,-1.5,-1.13,267.75,0.68,14.6,0.5,0.23,0.1,41.7,-0.6,2,-0.13191,-0.269,-0.10198,2,0.2,0.16,0.19
"303",2004,3,1,-0.07,-1.21,25.03,25.03,-1.1,1.09,267.96,0.91,16.9,6.8,0.31,1.4,29.2,-0.7,3,0.03492,-0.38218,-0.5986,3,0.01,-0.05,-0.1
"304",2004,4,0,0.55,-1.466,25.12,25.12,-0.73,0.96,267.88,0.01,10.1,2.1,0,0.4,24.1,-0.7,4,0.965,0.63914,-1.10568,4,0.2,0.19,0.21
"305",2004,5,0,-0.21,-1.85,24.04,24.04,-0.4,1.37,267.87,-0.15,8.1,3.2,-0.05,0.7,46.6,-0.8,5,-1.51531,-1.46566,1.09102,5,0.17,0.16,0.3
"306",2004,6,0,0.54,-2.17,22.35,22.35,-1.36,2.25,267.5,-0.43,5.6,3.8,-0.14,0.8,26.9,-1,6,0.38996,0.80446,0.13946,6,0.22,0.14,0.04
"307",2004,7,0,0.94,-2.41,21.61,21.61,-0.09,0.78,266.99,-1.02,-4.2,-3.9,-0.34,-0.8,48.3,-1.1,7,-0.01871,-0.48183,-0.52295,7,0.53,0.62,0.83
"308",2004,8,5,0.88,-2.342,20.61,20.61,0.9,0.48,267.41,0.04,-2.1,0.5,0.02,0.1,44.6,-1.2,8,1.56144,1.66029,-1.24866,8,0.56,0.61,0.78
"309",2004,9,3,0.78,-2.137,19.99,19.99,0.35,0.01,267.25,-0.44,-7.5,-4.2,-0.15,-0.9,48.8,-1.4,9,-0.01903,-0.0982,-0.07335,9,0.62,0.7,0.87
"310",2004,10,1,0.56,-1.832,19.75,19.75,0.93,0.85,267.62,0.44,-0.1,-1.8,0.15,-0.4,47.3,-1.4,10,0.3802,0.37256,-0.36462,10,0.54,0.56,0.61
"311",2004,11,0,0.88,-1.708,20.23,20.23,0.53,-0.88,267.69,0.51,4.3,-4.2,0.17,-0.9,36.1,-1.6,11,0.53607,0.30113,-0.82083,11,0.53,0.58,0.78
"312",2004,12,0,0.91,-1.606,21.89,21.89,0.38,0.3,267.74,0.55,9.4,-3.9,0.19,-0.8,35.7,-1.7,12,0.37089,0.04689,-0.83608,12,0.59,0.64,0.79
"313",2005,1,0,0.23,-1.816,24.19,24.19,-1.2,0.91,267.89,1.12,16.5,1.9,0.38,0.4,32.5,-1.6,1,-0.09497,-0.41217,-0.40861,1,0.4,0.42,0.52
"314",2005,2,0,2.2,-1.851,26.32,26.32,-0.51,0.65,268.03,1.51,11.2,-2.9,0.51,-0.6,0.3,-1.2,2,1.11161,1.13412,-0.91539,2,0.29,0.42,0.59
"315",2005,3,0,0.28,-1.721,26.2,26.2,-0.81,0.32,268.14,1.44,4.7,-5.4,0.49,-1.1,37.1,-0.7,3,-0.09212,-0.18555,-0.05175,3,0.49,0.72,1.27
"316",2005,4,0,0.59,-1.641,24.04,24.04,-0.67,1.44,268.41,1.58,6.4,-1.6,0.53,-0.3,29.4,-0.5,4,-0.07704,-0.04859,0.09196,4,0.24,0.36,0.49
"317",2005,5,0,0.98,-1.459,23.86,23.86,0.6,1.76,268.04,0.35,4.9,0,0.12,0,39.4,-0.3,5,0.14563,-0.18481,-0.55398,5,0.06,0.01,0
"318",2005,6,0,0.27,-1.143,22.91,22.91,-0.31,2.15,267.93,0.85,-1.3,-3.1,0.29,-0.6,45.5,0,6,0.34321,-0.06954,-0.78223,6,0.1,0.04,0.11
"319",2005,7,3,0.26,-1.219,22.16,22.16,-1.53,1.88,267.72,1.14,2,2.3,0.39,0.5,36.7,0.2,7,-0.74921,-0.98373,0.33497,7,0.01,-0.08,-0.2
"320",2005,8,2,0.43,-1.501,21.71,21.71,-1.1,0.6,267.6,0.61,-5.8,-3.2,0.21,-0.6,56,0.4,8,-0.05716,-0.50803,-0.4484,8,-0.05,-0.17,-0.42
"321",2005,9,5,-0.15,-1.618,21.7,21.7,-0.23,1.21,267.8,1.19,-1,2.3,0.4,0.5,51.9,0.6,9,-0.47353,-0.54251,0.34861,9,-0.02,-0.16,-0.33
"322",2005,10,4,-0.53,-1.608,22.07,22.07,-0.65,0.63,267.76,0.86,3.2,1.5,0.29,0.3,52,0.8,10,-0.50651,-0.3093,0.69774,10,0.01,-0.11,-0.14
"323",2005,11,0,-0.01,-1.324,22.45,22.45,-0.63,0.83,267.65,0.39,8.6,0.1,0.13,0,54.5,0.9,11,-0.85052,-0.98405,0.57476,11,-0.21,-0.44,-0.57
"324",2005,12,1,-0.23,-0.555,23.52,23.52,-0.16,-0.5,267.69,0.41,11.8,-1.5,0.14,-0.3,50.2,0.8,12,-1.16222,-1.06974,1.23887,12,-0.28,-0.57,-0.74
"325",2006,1,0,-1.25,-0.076,25.23,25.23,-0.25,2.15,267.59,0.24,22.4,7.8,0.08,1.6,47.9,0.7,1,-0.61427,-0.72353,0.36312,1,-0.28,-0.67,-0.97
"326",2006,2,0,-0.36,0.151,26.21,26.21,-2.38,0.97,267.89,1.09,17.1,3,0.37,0.6,40.8,0.6,2,-0.88454,-0.93467,0.67795,2,-0.19,-0.56,-0.92
"327",2006,3,0,-1.04,0.196,25.84,25.84,-1.78,0.82,267.74,0.26,15.1,5,0.09,1,53.5,0.3,3,-0.89015,-0.87881,0.74875,3,0.09,-0.22,-0.29
"328",2006,4,0,-0.46,-0.099,24.31,24.31,0.92,1.1,268.05,0.51,11,3,0.17,0.6,41.9,0.2,4,-1.05275,-1.18007,0.47363,4,0.46,0.25,0.42
"329",2006,5,0,0.52,-0.692,22.63,22.63,0.58,-0.86,267.78,-0.42,4.4,-0.5,-0.14,-0.1,53.3,0.2,5,-0.17708,-0.54924,-0.39373,5,0.64,0.49,0.54
"330",2006,6,0,0.42,-0.968,21.52,21.52,-1.32,-0.01,267.72,0.22,0.3,-1.5,0.08,-0.3,37.4,0.3,6,-0.77521,-0.96586,0.45991,6,0.76,0.71,0.76
"331",2006,7,0,0.58,-0.99,20.98,20.98,-0.12,0.47,267.61,0.82,-2.2,-1.9,0.28,-0.4,46.6,0.4,7,0.44214,0.27816,-0.54901,7,0.69,0.74,0.73
"332",2006,8,1,1.04,-0.869,19.81,19.81,-0.62,-1.4,267.61,0.64,-2.2,0.4,0.21,0.1,42.9,0.4,8,0.34117,0.35236,-0.28432,8,0.8,0.91,1.05
"333",2006,9,4,0.82,-0.729,19.75,19.75,-0.04,-0.24,267.55,0.45,-2.1,1.2,0.15,0.3,46.5,0.6,9,0.09993,0.12816,-0.05793,9,0.85,1.01,1.13
"334",2006,10,0,1.22,-0.715,19.5,19.5,0.91,0.31,267.86,1.16,-3.5,-5.2,0.39,-1.1,35.7,0.7,10,1.34597,1.43545,-1.15874,10,0.65,0.77,0.8
"335",2006,11,0,0.53,-0.626,19.92,19.92,1.72,-0.89,267.7,0.54,2.6,-5.9,0.18,-1.2,36.8,0.8,11,1.55183,1.27909,-1.79077,11,0.74,1,1.35
"336",2006,12,0,0.89,-0.531,21.15,21.15,0.21,0.07,268.03,1.41,6.7,-6.6,0.48,-1.4,25.4,0.8,12,0.42455,0.43136,-0.39181,12,0.51,0.68,0.86
"337",2007,1,0,0.89,-0.783,24.08,24.08,1.6,0.54,268.27,2.25,14.4,-0.2,0.76,-0.1,12.3,0.7,1,0.21564,0.48554,0.23085,1,-0.18,-0.2,-0.46
"338",2007,2,0,0.29,-1.016,26.32,26.32,2.43,0.62,267.91,1.15,10.2,-3.9,0.39,-0.8,34.1,0.4,2,0.09137,-0.23262,-0.58576,2,-0.48,-0.58,-0.77
"339",2007,3,0,0.11,-1.262,26.88,26.88,-0.69,-0.26,267.84,0.56,14,3.9,0.19,0.8,43.1,0.1,3,-0.21103,-0.59364,-0.34887,3,-0.47,-0.62,-0.72
"340",2007,4,0,0.17,-1.697,25.94,25.94,-0.32,1.34,267.97,0.27,9.9,1.9,0.09,0.4,36.1,-0.2,4,-0.38787,-0.59801,-0.07317,4,-0.29,-0.51,-0.59
"341",2007,5,0,0.02,-1.95,24.95,24.95,-0.56,0.65,268.05,0.38,4.2,-0.7,0.13,-0.2,43.7,-0.3,5,-0.19556,-0.52516,-0.32259,5,-0.23,-0.49,-0.58
"342",2007,6,0,-0.08,-2.087,23.68,23.68,0.57,-1.26,267.78,0.4,7.1,5.3,0.14,1.1,49.8,-0.3,6,-0.70667,-0.72537,0.59973,6,-0.04,-0.22,-0.18
"343",2007,7,0,0.1,-2.006,22.95,22.95,-1.04,-0.75,267.55,0.64,-0.2,0.1,0.22,0,56.4,-0.4,7,-1.40595,-1.36272,1.1902,7,-0.1,-0.32,-0.48
"344",2007,8,1,-0.43,-1.763,22.4,22.4,2.2,-1.02,267.58,0.55,-2,0.6,0.18,0.1,56.1,-0.4,8,-0.61157,-0.72237,0.40943,8,-0.16,-0.42,-0.68
"345",2007,9,4,-0.58,-1.315,21.75,21.75,-0.72,-0.52,267.56,0.48,4.1,7.4,0.16,1.5,61.5,-0.4,9,-0.95129,-0.75933,1.07826,9,-0.35,-0.69,-1.03
"346",2007,10,0,-0.96,-0.916,21.37,21.37,1.25,-0.82,267.44,-0.09,3.2,1.5,-0.03,0.3,67.1,-0.3,10,-0.45497,-0.4903,0.38591,10,-0.52,-0.87,-1.19
"347",2007,11,1,-1.1,-0.132,21.38,21.38,-0.22,-0.47,267.48,-0.12,16.1,7.6,-0.04,1.6,51.4,-0.1,11,-0.78811,-0.58171,1.00702,11,-0.54,-0.97,-1.19
"348",2007,12,0,-1.37,0.76,22.36,22.36,-0.8,-1,267.38,-0.51,16.5,3.2,-0.17,0.7,60.2,0,12,-0.98459,-0.81311,1.1889,12,-0.49,-0.87,-1.08
"349",2008,1,0,-1.65,1.509,24.4,24.4,0.13,0.07,267.29,-0.65,22,7.4,-0.22,1.5,44.1,0,1,-0.25471,-0.26065,0.21147,1,-0.5,-1.05,-1.5
"350",2008,2,0,-2.33,2.104,25.42,25.42,1.4,0.37,267.24,-0.83,23.6,9.5,-0.28,2,67.9,0.1,2,-1.18351,-0.88047,1.48696,2,-0.3,-0.82,-1.2
"351",2008,3,0,-1.11,2.289,25.67,25.67,-0.18,-0.84,267.21,-1.31,15.5,5.4,-0.44,1.1,66.1,0.2,3,-1.10377,-0.83326,1.27878,3,0.21,-0.26,-0.45
"352",2008,4,0,-0.85,2.138,25.94,25.94,-0.19,-1.19,267.36,-1.53,15.3,7.3,-0.52,1.5,56.5,0.3,4,-1.30726,-1.18513,1.01334,4,0.48,0.09,0.02
"353",2008,5,0,-0.29,1.695,24.76,24.76,-0.73,-3.23,267.44,-1.42,7.6,2.7,-0.48,0.5,57.2,0.2,5,-0.68151,-0.27653,1.01838,5,0.6,0.33,0.17
"354",2008,6,0,-0.58,1.33,23.78,23.78,-0.92,-2.99,267.29,-1.05,3.9,2.1,-0.35,0.4,48.4,0,6,-0.8829,-0.94937,0.69914,6,0.65,0.56,0.38
"355",2008,7,2,-0.14,0.942,22.71,22.71,-2.43,-1.39,267.15,-0.54,-0.4,-0.1,-0.18,0,53.8,0,7,-0.84032,-0.68743,0.85898,7,0.5,0.47,0.42
"356",2008,8,1,-0.4,0.771,21.85,21.85,0.02,-2.55,267.24,-0.46,-3,-0.4,-0.15,-0.1,55.9,0.2,8,-0.79975,-0.4428,1.08981,8,0.17,0.03,-0.15
"357",2008,9,3,-0.78,0.687,21.23,21.23,1.38,-1.88,267.4,0.01,-1.3,2,0,0.4,55.7,0.3,9,-0.48213,-0.76036,0.1171,9,-0.12,-0.4,-0.69
"358",2008,10,1,-0.71,0.745,21.34,21.34,0.69,-2.01,267.55,0.24,1.1,-0.6,0.08,-0.1,63.1,0.5,10,-0.8831,-0.6755,1.06212,10,-0.11,-0.34,-0.48
"359",2008,11,1,-0.82,0.78,21.99,21.99,-0.48,-1.26,267.75,0.68,15.3,6.8,0.23,1.4,56.2,0.5,11,-1.16974,-1.06292,1.20792,11,-0.37,-0.65,-0.77
"360",2008,12,0,-1.05,0.834,23.41,23.41,-1.02,-1.69,267.49,-0.19,21.8,8.5,-0.06,1.7,62.2,0.6,12,-1.16012,-1.01855,1.31035,12,-0.65,-1.08,-1.44
"361",2009,1,0,-1.24,0.655,24.85,24.85,-1.54,-1.42,267.35,-0.47,17.6,3,-0.16,0.6,54.5,0.6,1,-0.6874,-0.60812,0.71823,1,-0.32,-0.77,-1.08
"362",2009,2,0,-1.92,0.533,26.22,26.22,-2.73,-0.86,267.44,-0.24,20.9,6.8,-0.08,1.4,55.8,0.5,2,-0.96414,-0.7343,1.18465,2,0,-0.37,-0.5
"363",2009,3,0,-0.37,0.23,26.56,26.56,0.08,-2.01,267.41,-0.72,16.7,6.6,-0.24,1.4,51.7,0.3,3,-0.69954,-0.76302,0.48952,3,0.24,0,0.08
"364",2009,4,0,-0.44,-0.157,25.43,25.43,-0.15,-2,267.89,0.04,9.3,1.3,0.01,0.3,48.1,0.4,4,-0.86938,-0.69644,0.8131,4,0.59,0.52,0.65
"365",2009,5,0,0.68,-0.49,24.65,24.65,1.27,-1.59,267.77,-0.45,3.3,-1.6,-0.15,-0.3,52.3,0.5,5,-0.63202,-0.7685,0.23829,5,0.79,0.77,0.87
"366",2009,6,0,0.65,-0.59,23.14,23.14,-1.64,-0.16,267.57,-0.22,0,-1.8,-0.07,-0.4,NA,0.5,6,0.29816,0.20104,-0.37526,6,1.01,1.07,1.13
"367",2009,7,0,0.53,-0.946,20.93,20.93,0.51,-0.19,267.85,1.53,2.8,3.1,0.52,0.6,NA,0.3,7,0.32415,0.89237,0.39744,7,0.93,1.04,1.05
"368",2009,8,1,1.05,-1.283,19.7,19.7,0.67,-0.11,267.83,1.29,-5.7,-3.1,0.43,-0.6,NA,0,8,0.87152,0.6119,-1.0447,8,0.72,0.79,0.79
"369",2009,9,1,0.34,-1.662,19.5,19.5,1.02,0,268.04,1.9,3.9,7.2,0.64,1.5,NA,-0.1,9,0.28839,0.45294,-0.07217,9,0.64,0.72,0.76
"370",2009,10,0,1.86,-1.927,19.73,19.73,1.85,0.1,267.8,0.98,-4.2,-5.9,0.33,-1.2,NA,0,10,0.71448,0.67982,-0.70821,10,0.7,0.86,1.04
"371",2009,11,1,1.55,-2.151,20.34,20.34,0.51,-0.96,267.98,1.36,3.8,-4.7,0.46,-1,NA,0.1,11,-0.24659,-0.19071,0.30258,11,1,1.31,1.75
"372",2009,12,0,1.75,-2.168,21.91,21.91,-0.68,1.04,267.95,1.17,7.2,-6.1,0.4,-1.3,-2.7,0,12,1.21623,1.33143,-0.9792,12,0.96,1.28,1.36
"373",2010,1,0,1.64,-2.205,24.08,24.08,-1.01,0.65,268.33,2.43,9.7,-4.9,0.82,-1,2.1,-0.3,1,1.00578,1.15464,-0.64101,1,0.66,0.94,1.14
"374",2010,2,0,1.93,-1.881,25.94,25.94,2.03,0.47,268.37,2.51,10,-4.1,0.85,-0.8,-0.6,-0.5,2,2.00625,2.30544,-1.247,2,0.6,0.93,1.24
"375",2010,3,0,1.25,-1.448,25.61,25.61,-0.64,2.02,268.54,2.63,5.1,-5,0.89,-1,14.4,-0.5,3,0.62486,0.86324,-0.18907,3,0.41,0.65,0.97
"376",2010,4,0,-0.1,-1,25.34,25.34,1.66,1.34,268.63,2.23,5.3,-2.7,0.75,-0.6,32.6,-0.4,4,0.66273,0.51691,-0.64104,4,-0.06,-0.01,-0.06
"377",2010,5,0,-0.71,-0.796,24.53,24.53,-0.16,-0.11,268.85,2.75,6.6,1.7,0.93,0.3,52.7,-0.3,5,-0.18582,0.46828,1.02743,5,-0.66,-0.83,-1
"378",2010,6,1,-0.59,-0.326,23.42,23.42,-0.81,-0.51,268.24,1.76,1.4,-0.4,0.6,-0.1,59.3,-0.3,6,-0.80504,0.10793,1.77058,6,-0.83,-1.12,-1.34
"379",2010,7,0,-1.99,-0.076,22.06,22.06,-0.81,0.65,267.85,1.53,-0.3,0,0.52,0,58.2,-0.3,7,-1.17543,-0.8989,1.27436,7,-0.8,-1.14,-1.36
"380",2010,8,2,-2.24,0.038,20.79,20.79,-2.03,0.72,267.92,1.55,0.2,2.8,0.53,0.6,65.6,-0.2,8,-1.68569,-1.30932,1.8817,8,-0.88,-1.33,-1.74
"381",2010,9,4,-2.56,0.229,19.99,19.99,-0.08,0.88,267.78,1.13,-4.4,-1.1,0.38,-0.2,74.2,-0.2,9,-1.16834,-0.26838,2.08377,9,-0.92,-1.45,-1.93
"382",2010,10,5,-2.17,0.723,20.24,20.24,2.87,0.34,267.75,0.83,10.2,8.5,0.28,1.7,72.8,-0.1,10,-1.38906,-0.92978,1.8211,10,-0.89,-1.47,-1.92
"383",2010,11,0,-1.69,1.11,21.09,21.09,1.28,0.02,267.52,0,14.6,6.1,0,1.2,70.8,-0.2,11,-0.82952,-0.53275,1.1742,11,-0.76,-1.31,-1.64
"384",2010,12,0,-2.75,1.551,22.13,22.13,-0.57,0.42,267.51,-0.13,22.5,9.2,-0.04,1.9,71.3,-0.1,12,-0.99563,-0.8213,1.20362,12,-0.67,-1.24,-1.56
"385",2011,1,0,-2.41,1.584,24.38,24.38,2.46,1.31,267.12,-1.15,27.3,12.7,-0.39,2.6,66.2,0,1,-0.95504,-0.43236,1.6363,1,-0.35,-0.92,-1.27
"386",2011,2,0,-3.05,1.637,26.46,26.46,0.21,0.87,267.24,-0.83,24.3,10.2,-0.28,2.1,70.9,0.1,2,-0.97688,-0.68154,1.29817,2,0.3,-0.11,-0.22
"387",2011,3,0,-2.24,1.555,26.65,26.65,1.27,1.38,267.43,-0.66,19.8,9.7,-0.22,2,64.1,0.2,3,-1.66771,-0.98474,2.3068,3,0.72,0.5,0.5
"388",2011,4,0,-1.68,1.279,26.44,26.44,-1.23,0.49,267.74,-0.41,17,9,-0.14,1.9,53.9,0.5,4,-1.10085,-1.13401,0.64698,4,0.89,0.72,0.58
"389",2011,5,0,-0.47,0.919,25.29,25.29,1.83,-0.76,267.84,-0.24,13.2,8.3,-0.08,1.7,46.8,0.7,5,-0.94569,-0.75606,0.89967,5,0.74,0.64,0.47
"390",2011,6,0,-0.3,0.824,24.14,24.14,-0.1,-1.43,267.82,0.52,7.5,5.7,0.18,1.2,42.1,0.7,6,-1.14128,-0.92474,1.25577,6,0.52,0.46,0.39
"391",2011,7,0,-0.71,0.442,22.36,22.36,-1.02,-0.53,267.53,0.58,6.3,6.6,0.2,1.4,46.2,0.8,7,-0.42466,-0.10496,0.71579,7,0.25,0.2,0.06
"392",2011,8,1,-0.57,0.259,21.07,21.07,-1.54,-1.18,267.63,0.7,-0.9,1.7,0.24,0.4,53.6,1.1,8,-0.04856,-0.05091,0.03963,8,-0.07,-0.22,-0.54
"393",2011,9,4,-1.15,0.184,20.79,20.79,0.08,-0.19,267.66,0.78,1.2,4.5,0.26,0.9,56.3,1.6,9,-0.73505,-0.52379,0.90514,9,-0.37,-0.64,-1.01
"394",2011,10,2,-0.95,0.333,20.65,20.65,-1.43,0.74,267.45,-0.06,0.6,-1.1,-0.02,-0.2,66.8,2,10,-0.2349,-0.32531,0.11746,10,-0.51,-0.87,-1.26
"395",2011,11,0,-1.3,0.579,21.24,21.24,1.19,1.66,267.56,0.12,10.5,2,0.04,0.4,59.9,2.2,11,-0.44671,-0.59493,0.18967,11,-0.36,-0.71,-0.92
"396",2011,12,0,-2.32,1.165,21.96,21.96,-0.42,-0.44,267.72,0.49,24.9,11.6,0.17,2.4,60,2.2,12,-1.2906,-1.15661,1.42255,12,-0.4,-0.81,-1.07
"397",2012,1,0,-1.14,1.288,23.89,23.89,-1.75,-0.89,267.28,-0.68,25.9,11.3,-0.23,2.3,61.2,2.2,1,-0.73538,-0.76842,0.58599,1,-0.28,-0.79,-1.17
"398",2012,2,0,-0.79,1.455,25.37,25.37,-1.2,-0.73,267.09,-1.27,17.5,3.4,-0.43,0.7,63.9,1.9,2,-0.52528,-0.28279,0.82917,2,0.16,-0.26,-0.46
"399",2012,3,0,-0.81,1.36,25.81,25.81,-1.66,-2.95,267.49,-0.48,19,8.9,-0.16,1.8,50.3,1.5,3,-1.37498,-1.28634,1.25372,3,0.4,0.06,0
"400",2012,4,0,-0.2,1.24,24.31,24.31,-2.08,-2.1,267.52,-1.06,11.1,3.1,-0.36,0.6,39.3,1.3,4,-0.40796,-0.74111,-0.24709,4,0.67,0.51,0.27
"401",2012,5,0,-0.06,0.887,22.83,22.83,-0.53,-0.76,267.73,-0.56,7.6,2.7,-0.19,0.5,42,1.1,5,-1.03549,-0.78833,1.03962,5,0.67,0.58,0.47
"402",2012,6,1,0.55,0.518,21.22,21.22,2.17,3.1,267.52,-0.37,3.7,1.9,-0.12,0.4,45.8,0.7,6,-0.55555,-0.47975,0.57681,6,0.71,0.66,0.56
"403",2012,7,0,0.46,0.02,20.36,20.36,0.49,1.02,267.53,0.58,1.3,1.6,0.2,0.3,33.1,0.3,7,-0.6769,-0.75182,0.46179,7,0.73,0.76,0.82
"404",2012,8,4,0.69,-0.479,19.85,19.85,0.31,0.75,267.52,0.37,-6.1,-3.5,0.13,-0.7,51.9,-0.1,8,0.27935,0.05502,-0.49076,8,0.69,0.74,0.83
"405",2012,9,3,0.23,-0.988,19.95,19.95,0.83,-1.61,267.65,0.75,2.4,5.7,0.25,1.2,45.9,-0.5,9,0.04974,0.38725,0.34102,9,0.4,0.44,0.36
"406",2012,10,2,0.02,-1.28,20.27,20.27,-0.86,-2.13,267.62,0.44,0.8,-0.9,0.15,-0.2,46.5,-0.8,10,0.17407,-0.13591,-0.51433,10,0.31,0.38,0.4
"407",2012,11,0,0.18,-1.28,21.09,21.09,-0.47,-0.75,267.7,0.54,8.7,0.2,0.18,0,44.9,-1,11,-0.19069,-0.24881,0.08837,11,0.15,0.22,0.34
"408",2012,12,0,0.29,-0.999,22.37,22.37,0.45,-0.73,267.75,0.58,11.3,-2,0.2,-0.4,44.8,-0.9,12,-0.15243,-0.28022,-0.04692,12,-0.11,-0.17,-0.27
"409",2013,1,0,-0.19,-0.753,24.56,24.56,0.87,-0.09,268.05,1.6,21.3,6.7,0.54,1.4,29.9,-0.6,1,-0.48993,-0.62656,0.21301,1,-0.24,-0.47,-0.59
"410",2013,2,0,-0.12,-0.794,25.49,25.49,1.44,0.21,267.82,0.89,14,-0.1,0.3,0,36.6,-0.4,2,-0.78834,-0.72324,0.77621,2,-0.05,-0.23,-0.17
"411",2013,3,0,-1.16,-1.008,26.17,26.17,2.03,0.88,267.96,0.91,16.3,6.2,0.31,1.3,33.4,-0.3,3,0.28683,-0.06417,-0.71578,3,0.13,-0.04,0.06
"412",2013,4,0,0.05,-1.304,25.51,25.51,0.98,0.64,268.12,0.72,13,5,0.24,1,47.1,-0.4,4,-1.34545,-1.18802,1.0911,4,0.18,-0.02,-0.06
"413",2013,5,0,-0.76,-1.778,25.48,25.48,-0.08,0.08,268,0.23,6.8,1.9,0.08,0.4,52.3,-0.5,5,-0.87263,-0.73686,0.77609,5,0.15,-0.09,-0.14
"414",2013,6,0,-0.85,-2.053,24.67,24.67,2.1,2.3,267.88,0.7,4.1,2.3,0.24,0.5,49.2,-0.4,6,-0.7165,-0.67579,0.67752,6,0.31,0.16,0.26
"415",2013,7,0,-0.63,-2.055,22.94,22.94,0.82,1.51,267.42,0.25,1.9,2.2,0.09,0.5,55.2,-0.3,7,-2.05964,-1.83693,1.92875,7,0.34,0.28,0.41
"416",2013,8,0,-0.45,-1.738,21.9,21.9,0.5,0.8,267.53,0.4,-7.5,-4.9,0.14,-1,63.6,-0.2,8,-0.74688,-0.62011,0.78955,8,0.3,0.25,0.32
"417",2013,9,2,-0.08,-1.507,21.52,21.52,-1.37,-1.58,267.66,0.78,0.3,3.6,0.26,0.7,58.1,-0.2,9,-0.75063,-0.76808,0.65769,9,0.4,0.29,0.38
"418",2013,10,0,-0.02,-1.063,21.71,21.71,0.26,-2.69,267.45,-0.06,3.2,1.5,-0.02,0.3,53.5,-0.6,10,-0.18233,-0.41766,-0.09604,10,0.37,0.26,0.15
"419",2013,11,0,-0.52,-0.541,22.45,22.45,1.75,-0.95,267.57,0.15,8,-0.5,0.05,-0.1,56,-0.9,11,-0.45609,-0.50925,0.33472,11,0.45,0.48,0.62
"420",2013,12,0,-0.08,-0.362,23.22,23.22,-0.61,-0.32,267.67,0.35,19.7,6.4,0.12,1.3,48.4,-1.1,12,-0.80907,-0.83,0.73476,12,0.33,0.26,0.26
"421",2014,1,0,-1.3,-0.568,24.41,24.41,0.6,1.68,267.51,0,20.2,5.6,0,1.1,38.6,-1,1,-0.30051,-0.28332,0.28697,1,0.18,0,-0.33
"422",2014,2,0,-0.61,-0.565,25.57,25.57,0.73,-0.28,267.61,0.27,17.9,3.8,0.09,0.8,38.2,-0.8,2,0.45847,0.21441,-0.77449,2,0.43,0.42,0.39
"423",2014,3,0,0.34,-0.573,26.57,26.57,1.08,1.1,267.67,0.05,11.2,1.1,0.02,0.2,19.7,-0.8,3,0.77458,0.68955,-0.75423,3,0.93,1.21,1.6
"424",2014,4,0,-0.21,-0.748,26.54,26.54,1.41,1.15,267.96,0.24,7.5,-0.5,0.08,-0.1,22.3,-0.8,4,1.30984,1.1762,-1.03245,4,1,1.27,1.41
"425",2014,5,0,0.11,-0.531,25.96,25.96,0.37,1.41,268.13,0.62,1.1,-3.8,0.21,-0.8,40.7,-0.8,5,0.66205,0.62808,-0.49362,5,0.74,1,0.95
"426",2014,6,0,0.41,-0.327,25.32,25.32,-0.36,0.24,268.3,1.94,3.1,1.3,0.66,0.3,32.2,-0.6,6,0.50777,0.34325,-0.63804,6,0.31,0.39,0.27
"427",2014,7,1,0.29,-0.404,24.5,24.5,-2.61,0.21,267.75,1.23,-1.5,-1.2,0.42,-0.2,43.5,-0.5,7,0.11128,1.10047,1.05918,7,0.05,0.02,-0.18
"428",2014,8,2,0.56,-0.583,22.66,22.66,-1.14,-1.09,267.39,-0.01,-8.2,-5.6,0,-1.1,55.5,-0.5,8,0.14441,0.12676,-0.14508,8,0.36,0.37,0.39
"429",2014,9,1,0.9,-0.82,23.01,23.01,-0.02,-1.76,267.5,0.3,-3.5,-0.2,0.1,0,54.5,-0.4,9,0.21027,0.36418,-0.01383,9,0.55,0.58,0.64
"430",2014,10,2,0.75,-1.107,23.14,23.14,-0.53,-0.77,267.55,0.24,0.7,-1,0.08,-0.2,49,-0.3,10,0.55725,0.37292,-0.73066,10,0.51,0.51,0.53
"431",2014,11,0,1.26,-1.38,23.93,23.93,0.39,-0.26,267.8,0.83,2.3,-6.2,0.28,-1.3,50.3,-0.3,11,0.15872,-0.03984,-0.42842,11,0.62,0.68,0.9
"432",2014,12,0,0.81,-1.553,25.02,25.02,-1.9,-0.45,267.91,1.06,9.8,-3.5,0.36,-0.7,37.8,-0.4,12,-0.36161,-0.5486,0.06256,12,0.5,0.48,0.54
"433",2015,1,0,0.89,-1.723,26.36,26.36,1.44,-1.1,267.73,0.65,11.8,-2.8,0.22,-0.6,36.6,-0.5,1,-0.00903,-0.31266,-0.46205,1,0.28,0.22,0.15
"434",2015,2,0,0.21,-1.789,27.4,27.4,-0.99,-1.11,267.51,-0.03,18.2,4.1,-0.01,0.8,32.8,-0.5,2,-0.0307,-0.29049,-0.38079,2,0.54,0.65,0.83
"435",2015,3,0,0.81,-1.578,27.83,27.83,-1.19,1.8,267.81,0.47,15.3,5.2,0.16,1.1,8,-0.3,3,0.95037,0.89959,-0.85223,3,0.85,1.17,1.52
"436",2015,4,0,0.87,-1.221,25.98,25.98,-1.27,2.18,267.96,0.24,2.9,-5.1,0.08,-1,21.1,-0.2,4,1.24429,1.30531,-0.69556,4,1.05,1.42,1.74
"437",2015,5,0,1.54,-0.703,24.9,24.9,-0.82,0.92,268.12,0.59,-2.5,-7.4,0.2,-1.5,28.3,-0.1,5,3.02095,2.76516,-2.39134,5,1.03,1.42,1.53
"438",2015,6,0,1.35,-0.358,23.77,23.77,1.28,-0.22,268.06,1.23,0.1,-1.7,0.42,-0.4,21.2,0,6,1.59968,1.67186,-1.3229,6,0.87,1.27,1.51
"439",2015,7,0,2.15,-0.031,22.21,22.21,-0.19,0.6,267.77,1.29,-5,-4.7,0.44,-1,39.8,0.2,7,3.76707,3.66736,-3.1702,7,0.92,1.36,1.69
"440",2015,8,2,2.36,0.066,21.25,21.25,-0.53,-0.15,267.82,1.26,-4.9,-2.3,0.43,-0.5,27.6,0.4,8,2.32905,2.53892,-1.79352,8,0.99,1.43,1.97
"441",2015,9,1,2.63,-0.063,21.29,21.29,-0.63,0.81,267.94,1.6,-7.3,-4,0.54,-0.8,28.1,0.7,9,2.18597,2.57461,-1.52897,9,1.04,1.48,1.8
"442",2015,10,0,2.67,-0.166,21.36,21.36,-1.5,0.3,268.17,2.07,-6.7,-8.4,0.7,-1.7,28.4,0.9,10,2.30534,2.34068,-2.11831,10,1.04,1.51,1.91
"443",2015,11,1,1.99,-0.244,21.78,21.78,-1.83,-0.05,268.25,2.16,-0.4,-8.9,0.73,-1.8,23.7,1.1,11,0.9527,1.22143,-0.47259,11,0.92,1.41,1.78
"444",2015,12,0,1.74,-0.506,23.24,23.24,1.08,1.66,268.46,2.68,6.1,-7.2,0.91,-1.5,-4.3,1.2,12,2.05867,2.15445,-1.80595,12,0.58,1.04,1.2
"445",2016,1,1,2.9,-0.807,25.5,25.5,0.6,1.39,268.5,2.93,6,-8.6,0.99,-1.8,2.9,1.2,1,2.26359,1.95557,-2.43778,1,0.44,0.88,1.25
"446",2016,2,0,2.97,-1.004,27.46,27.46,0.41,1.53,268.84,3.91,9,-5.1,1.32,-1,-2.6,1.2,2,1.73267,1.89134,-1.2332,2,-0.04,0.31,0.56
"447",2016,3,0,1.19,-1.125,28.1,28.1,0.51,0.89,268.87,3.6,7.8,-2.3,1.22,-0.5,12.3,1.1,3,1.18154,1.22013,-0.92056,3,-0.52,-0.33,-0.31
"448",2016,4,0,1.69,-1.217,26.59,26.59,-0.15,3.64,268.92,3.08,2.5,-5.5,1.04,-1.1,22.9,0.9,4,0.98914,0.87827,-0.79476,4,-0.92,-0.85,-0.88
"449",2016,5,0,0.03,-1.244,24.63,24.63,-0.03,1,268.68,2.25,1.4,-3.5,0.76,-0.7,40.2,1,5,0.07251,-0.221,-0.45369,5,-1.03,-1.08,-1.15
"450",2016,6,0,-0.29,-1.086,22.89,22.89,0.39,-1.01,268.06,1.23,0,-1.8,0.42,-0.4,44.8,1.2,6,-0.50999,-0.39624,0.58092,6,-0.86,-0.97,-1.05
"451",2016,7,0,-0.51,-0.774,21.64,21.64,-0.35,-0.87,267.93,1.76,-1.4,-1.1,0.6,-0.2,52.7,1.5,7,-0.95807,-0.67164,1.10963,7,-0.63,-0.68,-0.76
"452",2016,8,2,-0.88,-0.49,20.67,20.67,-1.49,-0.11,267.95,1.64,0.6,3.2,0.56,0.7,62.1,1.7,8,-0.31014,-0.3055,0.27481,8,-0.5,-0.56,-0.71
"453",2016,9,2,-1.14,-0.232,19.92,19.92,-0.28,-0.01,267.81,1.22,-0.7,2.6,0.41,0.5,65.4,1.6,9,-1.35389,-1.1196,1.49011,9,-0.48,-0.55,-0.71
"454",2016,10,1,-0.22,0.109,20.21,20.21,1.18,-0.11,268.07,1.78,1.7,0,0.6,0,66.1,1.5,10,-1.22303,-1.10248,1.28171,10,-0.59,-0.75,-0.92
"455",2016,11,1,-0.14,0.322,20.46,20.46,-0.71,-1.81,267.95,1.28,12.9,4.4,0.43,0.9,66.6,1.3,11,-0.48794,-0.40162,0.56389,11,-0.35,-0.53,-0.62
"456",2016,12,0,-0.34,0.599,21.39,21.39,1.06,0.18,267.89,1,13.1,-0.2,0.34,0,55.3,1.1,12,-0.66701,-0.57268,0.77274,12,-0.06,-0.18,-0.24
"457",2017,1,0,-0.27,0.904,23.44,23.44,0.63,-1.08,267.82,0.92,16.9,2.3,0.31,0.5,49.5,0.8,1,-1.00061,-0.8951,1.03019,1,0.18,0.07,0.01
"458",2017,2,0,0.06,0.862,25.13,25.13,0.57,-1.84,267.73,0.62,13.2,-0.9,0.21,-0.2,56.6,0.5,2,-0.64087,-0.55403,0.68415,2,0.36,0.3,0.15
"459",2017,3,0,-0.49,0.681,25.13,25.13,0.85,-3.51,267.85,0.58,14.2,4.1,0.2,0.8,54.1,0.1,3,-0.7616,-0.75231,0.64004,3,0.43,0.38,0.22
"460",2017,4,0,0.49,0.324,24.51,24.51,1.54,-3.05,268.15,0.81,5.9,-2.1,0.27,-0.4,43.1,-0.3,4,-0.42776,-0.40749,0.30172,4,0.34,0.28,0.06
"461",2017,5,0,0.31,-0.325,23.67,23.67,-1.02,-1.68,268.48,1.66,3.3,-1.6,0.56,-0.3,44.8,-0.9,5,-1.01931,-1.05129,0.64374,5,0.37,0.36,0.3
"462",2017,6,0,0.69,-1.123,22.4,22.4,0.56,-2.29,268.08,1.29,-0.3,-2.1,0.44,-0.4,53,-1.3,6,-0.76059,-0.63955,0.8098,6,0.21,0.22,0.22
"463",2017,7,0,-0.19,-1.598,21.56,21.56,-0.43,-2.11,267.94,1.79,-1.2,-0.9,0.61,-0.2,37.5,-1.3,7,-1.37817,-1.39886,1.09339,7,0.13,0.15,0.16
"464",2017,8,4,-0.42,-1.87,20.74,20.74,0.74,-0.96,267.87,1.41,-4.2,-1.6,0.48,-0.3,54.1,-1.1,8,-0.50408,-0.32888,0.6319,8,-0.19,-0.21,-0.4
"465",2017,9,4,-0.58,-1.975,20.65,20.65,-2.6,-0.7,268.04,1.9,-4.6,-1.3,0.64,-0.3,63.9,-1.2,9,-1.37199,-1.56814,1.01428,9,-0.45,-0.57,-0.79
"466",2017,10,2,-0.9,-1.847,21.18,21.18,0.75,-0.83,268.02,1.63,6.5,4.8,0.55,1,60.9,-1.5,10,-0.67286,-0.58555,0.72891,10,-0.54,-0.77,-0.97
"467",2017,11,0,-1.12,-1.663,22.46,22.46,1.19,-1.81,267.86,1.01,13.2,4.7,0.34,1,61.9,-1.8,11,-1.13442,-0.93523,1.30882,11,-0.41,-0.65,-0.84
"468",2017,12,0,-0.33,-1.204,23.86,23.86,0.5,-1.57,268.03,1.41,14.6,1.3,0.48,0.3,48.5,-1.8,12,-0.71703,-0.63877,0.79605,12,-0.31,-0.54,-0.75
"469",2018,1,0,-1.13,-1.18,25.4,25.4,0.03,-0.43,267.71,0.59,18.9,4.3,0.2,0.9,61.6,-1.7,1,-0.84826,-0.68515,0.98734,1,0.01,-0.17,-0.16
"470",2018,2,0,-0.04,-1.171,26.62,26.62,1.37,-0.88,267.58,0.18,17.5,3.4,0.06,0.7,35.1,-1.4,2,-0.2424,-0.43226,-0.09018,2,0.29,0.09,-0.11
"471",2018,3,0,-1.49,-1.205,26.61,26.61,0.38,-0.56,267.82,0.5,19.8,9.7,0.17,2,45.4,-1.1,3,-0.47027,-0.54945,0.2792,3,0.46,0.44,0.51
"472",2018,4,0,-0.62,-1.374,25.83,25.83,1.12,-0.84,267.73,-0.44,12.6,4.6,-0.15,0.9,56.2,-0.8,4,-0.3192,-0.19753,0.3868,4,0.58,0.62,0.8
"473",2018,5,0,-0.25,-1.688,24.61,24.61,0.61,-1.03,268.04,0.35,5.9,1,0.12,0.2,57.8,-0.6,5,-0.11709,-0.01987,0.21308,5,0.72,0.75,0.88
"474",2018,6,0,0.31,-1.809,22.78,22.78,1.31,-0.71,267.72,0.22,-2.9,-4.7,0.08,-1,59.8,-0.4,6,0.17841,0.27578,-0.04358,6,0.77,0.8,0.86
"475",2018,7,2,0.2,-1.846,21.27,21.27,1.6,0.68,267.77,1.29,3,3.3,0.44,0.7,49.3,-0.3,7,-0.05495,0.28642,0.44122,7,0.74,0.73,0.81
"476",2018,8,0,0.49,-1.898,20.24,20.24,-0.62,1.43,267.6,0.61,-3,-0.4,0.21,-0.1,55.7,-0.3,8,0.10955,-0.30413,-0.55229,8,0.75,0.73,0.81
"477",2018,9,3,1.05,-1.716,20.01,20.01,-0.97,1.75,267.73,0.98,-5.6,-2.3,0.33,-0.5,57.5,-0.2,9,0.11905,-0.1768,-0.44575,9,0.88,0.93,0.98
"478",2018,10,3,0.29,-1.562,20.27,20.27,0.89,0.81,267.78,0.92,-0.9,-2.6,0.31,-0.5,56.6,-0.2,10,0.26692,0.39503,-0.10469,10,1.08,1.29,1.47
"479",2018,11,0,0.63,-1.147,21.55,21.55,0.11,1.95,268.06,1.6,7.8,-0.7,0.54,-0.1,39.8,-0.2,11,0.36731,0.28077,-0.45546,11,0.97,1.2,1.25
"480",2018,12,0,-0.23,-0.859,22.77,22.77,0.33,0.3,267.9,1.03,14.4,1.1,0.35,0.2,32.4,-0.1,12,0.28784,0.29154,-0.26701,12,0.71,0.88,0.92
"481",2019,1,0,0.43,-0.896,24.2,24.2,-1.57,0.56,267.9,1.15,17.6,3,0.39,0.6,24,0.1,1,0.19336,-0.08588,-0.59966,1,0.53,0.62,0.59
"482",2019,2,0,1.58,-0.875,26.12,26.12,-1.71,-0.23,267.9,1.12,13,-1.1,0.38,-0.2,6.4,0.2,2,1.28877,1.16732,-1.29247,2,0.59,0.76,0.94
"483",2019,3,0,0.9,-0.979,26.43,26.43,-1.56,-0.32,268.17,1.53,10.6,0.5,0.52,0.1,18.2,0.3,3,1.0228,1.16252,-0.65166,3,0.7,0.91,1.19
"484",2019,4,0,0.65,-1.412,25.81,25.81,-0.77,-0.84,268.48,1.78,9.9,1.9,0.6,0.4,24.3,0.3,4,0.30068,0.22407,-0.3067,4,0.21,0.39,0.41
"485",2019,5,0,1.19,-1.885,24.28,24.28,-0.04,-0.57,268.34,1.24,3.1,-1.8,0.42,-0.4,32.2,0.3,5,1.10183,0.74724,-1.23255,5,0.01,0.09,0.07
"486",2019,6,0,0.9,-1.937,22.43,22.43,-0.56,0.45,268.4,2.24,4.4,2.6,0.76,0.5,38.6,0.3,6,-0.31736,-0.4547,0.11928,6,-0.08,0.07,0.24
"487",2019,7,1,0.86,-2.309,20.68,20.68,-0.59,-0.03,267.77,1.29,-4,-3.7,0.44,-0.8,48.2,0.3,7,0.75425,0.80872,-0.54824,7,-0.11,0.03,0.13
"488",2019,8,1,0.26,-2.674,19.96,19.96,-0.27,-1.05,267.96,1.67,-2.2,0.4,0.57,0.1,50.7,0.4,8,0.5958,0.38917,-0.74639,8,-0.14,-0.06,-0.08
"489",2019,9,3,1,-2.595,19.5,19.5,0.41,-0.07,267.99,1.75,-8.5,-5.2,0.59,-1.1,62,0.4,9,1.11256,0.97715,-1.15919,9,0.07,0.09,0
"490",2019,10,1,0.64,-2.413,20.42,20.42,-1.08,-0.43,267.59,0.36,-2.3,-4,0.12,-0.8,58.4,0.3,10,0.27144,0.04829,-0.50708,10,0.38,0.49,0.7
"491",2019,11,0,1.07,-2.404,21.07,21.07,-0.7,-0.58,268,1.42,8,-0.5,0.48,-0.1,45.9,0.4,11,1.02508,1.21547,-0.6504,11,0.34,0.34,0.26
"492",2019,12,0,0.71,-2.172,22.21,22.21,0.57,0.65,268.2,1.91,9.8,-3.5,0.65,-0.7,34.1,0.4,12,0.45743,0.32527,-0.63091,12,0.37,0.45,0.35
"493",2020,1,0,0.18,-2.005,23.68,23.68,-1.09,-0.99,268.31,2.37,20.1,5.5,0.8,1.1,23.5,0.4,1,0.42295,0.07402,-0.90643,1,0.33,0.48,0.49
"494",2020,2,0,0.25,-1.881,25.24,25.24,-2.78,0.84,268.52,2.96,20.5,6.4,1,1.3,14.7,0.3,2,0.65455,0.56988,-0.69244,2,0.32,0.51,0.53
"495",2020,3,0,0.42,-1.7,25.74,25.74,0.04,-0.41,268.46,2.39,15.5,5.4,0.81,1.1,38.8,0.2,3,-0.09639,-0.13054,0.03275,3,0.1,0.19,0.33
"496",2020,4,0,0.35,-1.606,24.59,24.59,-0.62,1.02,268.4,1.55,12.4,4.4,0.52,0.9,48.2,0.3,4,-0.69421,-0.76025,0.33951,4,-0.2,-0.24,-0.3
"497",2020,5,0,-0.4,-1.79,23.63,23.63,0.27,0.18,268.78,2.54,9.9,5,0.86,1,54,0.5,5,-0.52105,0.03786,1.12238,5,-0.51,-0.7,-0.92
"498",2020,6,0,0.07,-1.533,22.75,22.75,-1.39,-0.63,268.15,1.5,2,0.2,0.51,0,61.3,0.6,6,-0.69097,-0.51681,0.81039,6,-0.35,-0.54,-0.62
"499",2020,7,2,-0.26,-1.511,21.75,21.75,-0.26,1.43,267.99,1.94,3,3.3,0.66,0.7,58.7,0.7,7,-1.05615,-0.90308,1.03419,7,-0.12,-0.25,-0.18
"500",2020,8,2,-1.19,-1.37,20.71,20.71,1.76,0.2,268.23,2.47,-2.5,0.1,0.84,0,63.7,0.6,8,-0.48873,-0.71394,0.17621,8,-0.29,-0.55,-0.8
"501",2020,9,4,-1.03,-1.095,20.02,20.02,-0.46,1.67,267.97,1.69,4,7.3,0.57,1.5,66.5,0.6,9,-0.70276,-0.51634,0.84758,9,-0.35,-0.63,-0.87
"502",2020,10,4,-1.03,-0.479,20.15,20.15,-0.91,0.72,267.94,1.39,9.3,7.6,0.47,1.6,68.4,0.8,10,-1.30303,-1.14011,1.40463,10,-0.49,-0.85,-1.11
"503",2020,11,2,-1.08,-0.052,20.53,20.53,-1.66,0.09,268.06,1.6,10.3,1.8,0.54,0.4,67.1,1.2,11,-0.90166,-0.89899,0.8166,11,-0.44,-0.8,-1.04
"504",2020,12,0,-1.83,0.379,21.12,21.12,-1.62,-0.71,267.98,1.26,24.5,11.2,0.43,2.3,64.7,1.5,12,-0.89833,-0.70943,1.13329,12,-0.3,-0.71,-0.94
"505",2021,1,0,-1.86,0.478,23.46,23.46,0.2,-0.3,267.88,1.09,30.6,16,0.37,3.3,69.6,1.7,1,-1.15912,-0.69759,1.71848,1,-0.21,-0.71,-1.02
"506",2021,2,0,-1.84,0.368,24.52,24.52,1.13,-0.4,267.72,0.59,25.2,11.1,0.2,2.3,52.3,1.6,2,-0.53245,-0.58126,0.3789,2,0.06,-0.44,-0.82
"507",2021,3,0,-0.63,0.083,25.73,25.73,-1.21,-0.15,267.71,0.17,16.2,6.1,0.06,1.3,59.7,1.5,3,-1.07266,-0.93146,1.0765,3,0.54,0.29,0.27
"508",2021,4,0,-0.59,-0.271,24.14,24.14,0.38,-1.78,267.84,-0.11,17.2,9.2,-0.04,1.9,38.1,1.3,4,-0.44219,-0.45373,0.26258,4,0.67,0.56,0.6
"509",2021,5,0,-0.52,-0.569,22.76,22.76,-0.63,0.07,268.42,1.48,13.1,8.2,0.5,1.7,45.1,1.1,5,-1.18542,-0.60479,1.60067,5,0.58,0.57,0.65
"510",2021,6,0,-0.15,-0.713,21.63,21.63,-0.92,2.63,267.76,0.34,3.7,1.9,0.12,0.4,56.4,0.7,6,0.28266,0.39947,-0.11264,6,0.33,0.34,0.31
"511",2021,7,1,-1.05,-0.636,20.76,20.76,0.28,1.08,267.89,1.65,9.9,10.2,0.56,2.1,51,0.4,7,-0.6034,-0.76097,0.30615,7,-0.09,-0.22,-0.4
"512",2021,8,3,-0.62,-0.486,20.41,20.41,-0.28,0.89,267.9,1.49,-2.2,0.4,0.51,0.1,66.2,0.1,8,-0.92122,-0.35661,1.42486,8,-0.3,-0.51,-0.83
"513",2021,9,3,-0.69,-0.459,19.71,19.71,1.15,0.06,267.88,1.43,5.7,9,0.48,1.9,65.3,-0.1,9,-1.23097,-0.92454,1.46165,9,-0.56,-0.89,-1.28
"514",2021,10,0,-1,-0.385,19.23,19.23,-2.35,0.2,268.1,1.87,3.4,1.7,0.63,0.3,70.5,-0.2,10,-0.5642,-0.57266,0.51863,10,-0.69,-1.09,-1.59
"515",2021,11,0,-1.14,-0.443,20.52,20.52,0.22,0.74,268.03,1.51,14,5.5,0.51,1.1,69.1,-0.3,11,-1.2019,-0.84008,1.60335,11,-0.51,-0.88,-1.09
"516",2021,12,0,-1.61,-0.545,22.35,22.35,0.17,0.41,268.08,1.56,29.7,16.4,0.53,3.4,53.7,-0.1,12,-1.42537,-1.29048,1.5515,12,-0.37,-0.81,-1.12
"517",2022,1,0,-0.75,-0.475,NA,NA,0.99,0.6,267.57,0.18,23.5,8.9,0.06,1.8,52.5,0.1,1,-0.33326,-0.46848,0.07949,1,0.09,-0.18,-0.21
"518",2022,2,0,-1.37,-0.423,NA,NA,0.09,1.42,267.65,0.38,24.5,10.4,0.13,2.1,59.8,0.3,2,-1.21816,-1.01968,1.35277,2,0.25,0.05,0.12
"519",2022,3,0,-1.79,-0.397,NA,NA,0.46,1.25,267.86,0.61,20.8,10.7,0.21,2.2,64.8,0.5,3,-0.89207,-0.576,1.16663,3,0.04,-0.2,-0.47
"520",2022,4,0,-1.76,-0.346,NA,NA,-0.29,0.39,268.06,0.54,16.7,8.7,0.18,1.8,61.9,0.7,4,-1.1236,0.22466,2.75746,4,0.07,-0.22,-0.34
"521",2022,5,0,-1.98,-0.185,NA,NA,1.2,0.09,268.18,0.77,13.2,8.3,0.26,1.7,65.9,0.7,5,-0.90473,-0.38368,1.32908,5,0.08,-0.15,-0.1
"522",2022,6,0,-1.41,-0.076,NA,NA,1.36,2.49,267.49,-0.46,5.7,3.9,-0.15,0.8,59.8,0.6,6,-0.64836,0.31988,1.6971,6,0.35,0.18,0.31
"523",2022,7,0,-0.95,-0.014,NA,NA,0.38,2.07,267.98,1.91,10.9,11.2,0.65,2.3,58.5,0.3,7,-1.83128,-1.6138,1.73751,7,-0.03,-0.32,-0.46
"524",2022,8,0,-1.45,-0.046,NA,NA,-0.37,0.89,267.71,0.93,0.2,2.8,0.32,0.6,69.6,0.3,8,-1.23034,-0.70229,1.6533,8,-0.23,-0.63,-0.96
"525",2022,9,4,-1.79,0.015,NA,NA,-1.13,1.46,267.75,1.04,-2.7,0.6,0.35,0.1,72.3,0.2,9,-1.16183,-0.87196,1.38028,9,-0.19,-0.65,-1
"526",2022,10,1,-1.78,0.138,NA,NA,NA,NA,267.77,0.89,9,7.3,0.3,1.5,70.9,0.1,10,-1.19816,-1.08896,1.24555,10,-0.19,-0.66,-1
"527",2022,11,3,-0.63,0.12,NA,NA,NA,NA,267.65,0.39,13.4,4.9,0.13,1,68.1,0,11,-0.7904,-0.49512,1.13681,11,-0.03,-0.5,-0.75
"528",2022,12,0,-1.97,0.32,NA,NA,NA,NA,267.5,-0.16,24.4,11.1,-0.05,2.3,63.3,0.1,12,-1.25044,-1.09854,1.41133,12,0.19,-0.23,-0.31
"529",2023,1,0,-1.34,0.664,NA,NA,NA,NA,267.49,-0.06,18.9,4.3,-0.02,0.9,63.3,0.1,1,-1.04023,-0.50824,1.72452,1,0.4,-0.03,-0.24
"530",2023,2,0,-1.49,1.237,NA,NA,NA,NA,267.79,0.8,28.1,14,0.27,2.9,56.9,0.1,2,-0.79429,-0.69017,0.84241,2,0.54,0.17,0.09
"531",2023,3,0,NA,NA,NA,NA,NA,NA,267.84,0.56,15.2,5.1,0.19,1,58.7,0.2,3,-0.50327,-0.76651,0.05495,3,1.07,0.88,0.84
"532",2023,4,0,NA,NA,NA,NA,NA,NA,268.13,0.75,13.3,5.3,0.25,1.1,47.2,0.3,4,-0.14821,-0.33243,-0.18565,4,1.29,1.24,1.19
"533",2023,5,0,NA,NA,NA,NA,NA,NA,268.72,2.37,11.3,6.4,0.8,1.3,40,0.4,5,0.09335,-0.12258,-0.36078,5,1.24,1.24,1.11
"534",2023,6,0,NA,NA,NA,NA,NA,NA,268.46,2.41,-0.1,-1.9,0.82,-0.4,39.6,0.4,6,0.26547,-0.1222,-0.68466,6,1.3,1.4,1.4
"535",2023,7,1,NA,NA,NA,NA,NA,NA,268.57,3.66,2.6,2.9,1.24,0.6,34.9,0.4,7,-0.24402,-0.1217,0.33998,7,0.95,1.07,1.02
"536",2023,8,2,NA,NA,NA,NA,NA,NA,268.41,3,-5.7,-3.1,1.02,-0.6,45.7,0.4,8,1.06745,1.03252,-0.96686,8,0.88,1.06,1.09
